,Pclass,Sex,SibSp,Parch,Fare,Survived
0,0.8273772438659699,-0.7376951317802901,0.4327933656785018,-0.4736736092984604,-0.5024451714361923,0
1,-1.5661069258891576,1.3555735383351193,0.4327933656785018,-0.4736736092984604,0.7868452935884461,1
2,0.8273772438659699,1.3555735383351193,-0.47454519624983954,-0.4736736092984604,-0.4888542575852486,1
3,-1.5661069258891576,1.3555735383351193,0.4327933656785018,-0.4736736092984604,0.4207302360686478,1
4,0.8273772438659699,-0.7376951317802901,-0.47454519624983954,-0.4736736092984604,-0.4863374216869257,0
5,0.8273772438659699,-0.7376951317802901,-0.47454519624983954,-0.4736736092984604,-0.47811642890864375,0
6,-1.5661069258891576,-0.7376951317802901,-0.47454519624983954,-0.4736736092984604,0.395813560675251,0
7,0.8273772438659699,-0.7376951317802901,2.2474704895351842,0.7676298785983874,-0.22408312108167944,0
8,0.8273772438659699,1.3555735383351193,-0.47454519624983954,2.0089333664952354,-0.4242561406845337,1
9,-0.3693648410115938,1.3555735383351193,0.4327933656785018,-0.4736736092984604,-0.04295550208861426,1
10,0.8273772438659699,1.3555735383351193,0.4327933656785018,0.7676298785983874,-0.312172377522981,1
11,-1.5661069258891576,1.3555735383351193,-0.47454519624983954,-0.4736736092984604,-0.11384570873513637,1
12,0.8273772438659699,-0.7376951317802901,-0.47454519624983954,-0.4736736092984604,-0.4863374216869257,0
13,0.8273772438659699,-0.7376951317802901,0.4327933656785018,5.73284383018578,-0.01870931177853076,0
14,0.8273772438659699,1.3555735383351193,-0.47454519624983954,-0.4736736092984604,-0.4902797934380587,0
15,-0.3693648410115938,1.3555735383351193,-0.47454519624983954,-0.4736736092984604,-0.3262666585535892,1
16,0.8273772438659699,-0.7376951317802901,3.1548090514635256,0.7676298785983874,-0.06199888922968463,0
17,-0.3693648410115938,-0.7376951317802901,-0.47454519624983954,-0.4736736092984604,-0.3866707201133388,1
18,0.8273772438659699,1.3555735383351193,0.4327933656785018,-0.4736736092984604,-0.2859972841804228,0
19,0.8273772438659699,1.3555735383351193,-0.47454519624983954,-0.4736736092984604,-0.5029485386158568,1
20,-0.3693648410115938,-0.7376951317802901,-0.47454519624983954,-0.4736736092984604,-0.12491978668775715,0
21,-0.3693648410115938,-0.7376951317802901,-0.47454519624983954,-0.4736736092984604,-0.3866707201133388,1
22,0.8273772438659699,1.3555735383351193,-0.47454519624983954,-0.4736736092984604,-0.4867562231804066,1
23,-1.5661069258891576,-0.7376951317802901,-0.47454519624983954,-0.4736736092984604,0.06635974158478332,1
24,0.8273772438659699,1.3555735383351193,2.2474704895351842,0.7676298785983874,-0.22408312108167944,0
25,0.8273772438659699,1.3555735383351193,0.4327933656785018,5.73284383018578,-0.016444159470040135,1
26,0.8273772438659699,-0.7376951317802901,-0.47454519624983954,-0.4736736092984604,-0.5029485386158568,0
27,-1.5661069258891576,-0.7376951317802901,2.2474704895351842,2.0089333664952354,4.647001076532463,0
28,0.8273772438659699,1.3555735383351193,-0.47454519624983954,-0.4736736092984604,-0.48977642625839407,1
29,0.8273772438659699,-0.7376951317802901,-0.47454519624983954,-0.4736736092984604,-0.4894421904510968,0
30,-1.5661069258891576,-0.7376951317802901,-0.47454519624983954,-0.4736736092984604,-0.09027201697708476,0
31,-1.5661069258891576,1.3555735383351193,0.4327933656785018,-0.4736736092984604,2.301728820789,1
32,0.8273772438659699,1.3555735383351193,-0.47454519624983954,-0.4736736092984604,-0.49237782784290063,1
33,-0.3693648410115938,-0.7376951317802901,-0.47454519624983954,-0.4736736092984604,-0.43700743807979686,0
34,-1.5661069258891576,-0.7376951317802901,0.4327933656785018,-0.4736736092984604,1.0060617003323709,0
35,-1.5661069258891576,-0.7376951317802901,0.4327933656785018,-0.4736736092984604,0.39858208016340624,0
36,0.8273772438659699,-0.7376951317802901,-0.47454519624983954,-0.4736736092984604,-0.5028639729296732,1
37,0.8273772438659699,-0.7376951317802901,-0.47454519624983954,-0.4736736092984604,-0.4863374216869257,0
38,0.8273772438659699,1.3555735383351193,1.340131927606843,-0.4736736092984604,-0.2859972841804228,0
39,0.8273772438659699,1.3555735383351193,0.4327933656785018,-0.4736736092984604,-0.42207354059350805,1
40,0.8273772438659699,1.3555735383351193,0.4327933656785018,-0.4736736092984604,-0.4576454924460446,0
41,-0.3693648410115938,1.3555735383351193,0.4327933656785018,-0.4736736092984604,-0.22559322262067316,0
42,0.8273772438659699,-0.7376951317802901,-0.47454519624983954,-0.4736736092984604,-0.4894421904510968,0
43,-0.3693648410115938,1.3555735383351193,0.4327933656785018,2.0089333664952354,0.18876253192945994,1
44,0.8273772438659699,1.3555735383351193,-0.47454519624983954,-0.4736736092984604,-0.48977642625839407,1
45,0.8273772438659699,-0.7376951317802901,-0.47454519624983954,-0.4736736092984604,-0.4863374216869257,0
46,0.8273772438659699,-0.7376951317802901,0.4327933656785018,-0.4736736092984604,-0.3363340021468808,0
47,0.8273772438659699,1.3555735383351193,-0.47454519624983954,-0.4736736092984604,-0.49237782784290063,1
48,0.8273772438659699,-0.7376951317802901,1.340131927606843,-0.4736736092984604,-0.21191774308354583,0
49,0.8273772438659699,1.3555735383351193,0.4327933656785018,-0.4736736092984604,-0.29002422161773944,0
50,0.8273772438659699,-0.7376951317802901,3.1548090514635256,0.7676298785983874,0.1506737441786005,0
51,0.8273772438659699,-0.7376951317802901,-0.47454519624983954,-0.4736736092984604,-0.4913710934835715,0
52,-1.5661069258891576,1.3555735383351193,0.4327933656785018,-0.4736736092984604,0.8964967865378598,1
53,-0.3693648410115938,1.3555735383351193,0.4327933656785018,-0.4736736092984604,-0.12491978668775715,1
54,-1.5661069258891576,-0.7376951317802901,-0.47454519624983954,0.7676298785983874,0.5995101505357573,0
55,-1.5661069258891576,-0.7376951317802901,-0.47454519624983954,-0.4736736092984604,0.06635974158478332,1
56,-0.3693648410115938,1.3555735383351193,-0.47454519624983954,-0.4736736092984604,-0.43700743807979686,1
57,0.8273772438659699,-0.7376951317802901,-0.47454519624983954,-0.4736736092984604,-0.5028639729296732,0
58,-0.3693648410115938,1.3555735383351193,0.4327933656785018,2.0089333664952354,-0.08968408411123653,1
59,0.8273772438659699,-0.7376951317802901,4.0621476133918675,2.0089333664952354,0.2958951755118318,0
60,0.8273772438659699,-0.7376951317802901,-0.47454519624983954,-0.4736736092984604,-0.5028639729296732,0
61,-1.5661069258891576,1.3555735383351193,-0.47454519624983954,-0.4736736092984604,0.962353321387736,1
62,-1.5661069258891576,-0.7376951317802901,0.4327933656785018,-0.4736736092984604,1.0323213593611125,0
63,0.8273772438659699,-0.7376951317802901,2.2474704895351842,2.0089333664952354,-0.08666388103324908,0
64,-1.5661069258891576,-0.7376951317802901,-0.47454519624983954,-0.4736736092984604,-0.09027201697708476,0
65,0.8273772438659699,-0.7376951317802901,0.4327933656785018,0.7676298785983874,-0.3414522396297103,1
66,-0.3693648410115938,1.3555735383351193,-0.47454519624983954,-0.4736736092984604,-0.43700743807979686,1
67,0.8273772438659699,-0.7376951317802901,-0.47454519624983954,-0.4736736092984604,-0.4841568350646187,0
68,0.8273772438659699,1.3555735383351193,3.1548090514635256,2.0089333664952354,-0.4888542575852486,1
69,0.8273772438659699,-0.7376951317802901,1.340131927606843,-0.4736736092984604,-0.47400492578514347,0
70,-0.3693648410115938,-0.7376951317802901,-0.47454519624983954,-0.4736736092984604,-0.43700743807979686,0
71,0.8273772438659699,1.3555735383351193,4.0621476133918675,2.0089333664952354,0.2958951755118318,0
72,-0.3693648410115938,-0.7376951317802901,-0.47454519624983954,-0.4736736092984604,0.8314778546749452,0
73,0.8273772438659699,-0.7376951317802901,0.4327933656785018,-0.4736736092984604,-0.3573908580066095,0
74,0.8273772438659699,-0.7376951317802901,-0.47454519624983954,-0.4736736092984604,0.48910360681684706,1
75,0.8273772438659699,-0.7376951317802901,-0.47454519624983954,-0.4736736092984604,-0.494391296561559,0
76,0.8273772438659699,-0.7376951317802901,-0.47454519624983954,-0.4736736092984604,-0.4894421904510968,0
77,0.8273772438659699,-0.7376951317802901,-0.47454519624983954,-0.4736736092984604,-0.4863374216869257,0
78,-0.3693648410115938,-0.7376951317802901,-0.47454519624983954,2.0089333664952354,-0.06451572512800753,1
79,0.8273772438659699,1.3555735383351193,-0.47454519624983954,-0.4736736092984604,-0.397241430886295,1
80,0.8273772438659699,-0.7376951317802901,-0.47454519624983954,-0.4736736092984604,-0.46720946885967163,0
81,0.8273772438659699,-0.7376951317802901,-0.47454519624983954,-0.4736736092984604,-0.45714212526638004,1
82,0.8273772438659699,1.3555735383351193,-0.47454519624983954,-0.4736736092984604,-0.49162277707340374,1
83,-1.5661069258891576,-0.7376951317802901,-0.47454519624983954,-0.4736736092984604,0.29992211294914856,0
84,-0.3693648410115938,1.3555735383351193,-0.47454519624983954,-0.4736736092984604,-0.43700743807979686,1
85,0.8273772438659699,1.3555735383351193,2.2474704895351842,-0.4736736092984604,-0.32928686163157667,1
86,0.8273772438659699,-0.7376951317802901,0.4327933656785018,3.250236854392083,0.04370821849987721,0
87,0.8273772438659699,-0.7376951317802901,-0.47454519624983954,-0.4736736092984604,-0.4863374216869257,0
88,-1.5661069258891576,1.3555735383351193,2.2474704895351842,2.0089333664952354,4.647001076532463,1
89,0.8273772438659699,-0.7376951317802901,-0.47454519624983954,-0.4736736092984604,-0.4863374216869257,0
90,0.8273772438659699,-0.7376951317802901,-0.47454519624983954,-0.4736736092984604,-0.4863374216869257,0
91,0.8273772438659699,-0.7376951317802901,-0.47454519624983954,-0.4736736092984604,-0.4902797934380587,0
92,-1.5661069258891576,-0.7376951317802901,0.4327933656785018,-0.4736736092984604,0.5833178351003071,0
93,0.8273772438659699,-0.7376951317802901,0.4327933656785018,2.0089333664952354,-0.23415046467497105,0
94,0.8273772438659699,-0.7376951317802901,-0.47454519624983954,-0.4736736092984604,-0.5024451714361923,0
95,0.8273772438659699,-0.7376951317802901,-0.47454519624983954,-0.4736736092984604,-0.4863374216869257,0
96,-1.5661069258891576,-0.7376951317802901,-0.47454519624983954,-0.4736736092984604,0.0493298231623713,0
97,-1.5661069258891576,-0.7376951317802901,-0.47454519624983954,0.7676298785983874,0.6272778976347743,1
98,-0.3693648410115938,1.3555735383351193,-0.47454519624983954,0.7676298785983874,-0.18532384824750675,1
99,-0.3693648410115938,-0.7376951317802901,0.4327933656785018,-0.4736736092984604,-0.12491978668775715,0
100,0.8273772438659699,1.3555735383351193,-0.47454519624983954,-0.4736736092984604,-0.4894421904510968,0
101,0.8273772438659699,-0.7376951317802901,-0.47454519624983954,-0.4736736092984604,-0.4894421904510968,0
102,-1.5661069258891576,-0.7376951317802901,-0.47454519624983954,0.7676298785983874,0.907737982394129,0
103,0.8273772438659699,-0.7376951317802901,-0.47454519624983954,-0.4736736092984604,-0.4741720436887921,0
104,0.8273772438659699,-0.7376951317802901,1.340131927606843,-0.4736736092984604,-0.4888542575852486,0
105,0.8273772438659699,-0.7376951317802901,-0.47454519624983954,-0.4736736092984604,-0.4894421904510968,0
106,0.8273772438659699,1.3555735383351193,-0.47454519624983954,-0.4736736092984604,-0.494391296561559,1
107,0.8273772438659699,-0.7376951317802901,-0.47454519624983954,-0.4736736092984604,-0.4918744606632361,1
108,0.8273772438659699,-0.7376951317802901,-0.47454519624983954,-0.4736736092984604,-0.4894421904510968,0
109,0.8273772438659699,1.3555735383351193,0.4327933656785018,-0.4736736092984604,-0.1621689579829361,1
110,-1.5661069258891576,-0.7376951317802901,-0.47454519624983954,-0.4736736092984604,0.39858208016340624,0
111,0.8273772438659699,1.3555735383351193,0.4327933656785018,-0.4736736092984604,-0.3573908580066095,0
112,0.8273772438659699,-0.7376951317802901,-0.47454519624983954,-0.4736736092984604,-0.4863374216869257,0
113,0.8273772438659699,1.3555735383351193,0.4327933656785018,-0.4736736092984604,-0.4505983519307405,0
114,0.8273772438659699,1.3555735383351193,-0.47454519624983954,-0.4736736092984604,-0.3573083057891445,0
115,0.8273772438659699,-0.7376951317802901,-0.47454519624983954,-0.4736736092984604,-0.4888542575852486,0
116,0.8273772438659699,-0.7376951317802901,-0.47454519624983954,-0.4736736092984604,-0.49237782784290063,0
117,-0.3693648410115938,-0.7376951317802901,0.4327933656785018,-0.4736736092984604,-0.22559322262067316,0
118,-1.5661069258891576,-0.7376951317802901,-0.47454519624983954,0.7676298785983874,4.335332226633905,0
119,0.8273772438659699,1.3555735383351193,3.1548090514635256,2.0089333664952354,-0.01870931177853076,0
120,-0.3693648410115938,-0.7376951317802901,1.340131927606843,-0.4736736092984604,0.8314778546749452,0
121,0.8273772438659699,-0.7376951317802901,-0.47454519624983954,-0.4736736092984604,-0.4863374216869257,0
122,-0.3693648410115938,-0.7376951317802901,0.4327933656785018,-0.4736736092984604,-0.04295550208861426,0
123,-0.3693648410115938,1.3555735383351193,-0.47454519624983954,-0.4736736092984604,-0.3866707201133388,1
124,-1.5661069258891576,-0.7376951317802901,-0.47454519624983954,0.7676298785983874,0.907737982394129,0
125,0.8273772438659699,-0.7376951317802901,0.4327933656785018,-0.4736736092984604,-0.42207354059350805,1
126,0.8273772438659699,-0.7376951317802901,-0.47454519624983954,-0.4736736092984604,-0.49237782784290063,0
127,0.8273772438659699,-0.7376951317802901,-0.47454519624983954,-0.4736736092984604,-0.5046257580584992,1
128,0.8273772438659699,1.3555735383351193,0.4327933656785018,0.7676298785983874,-0.19824427701513722,1
129,0.8273772438659699,-0.7376951317802901,-0.47454519624983954,-0.4736736092984604,-0.5079822104125026,0
130,0.8273772438659699,-0.7376951317802901,-0.47454519624983954,-0.4736736092984604,-0.4894421904510968,0
131,0.8273772438659699,-0.7376951317802901,-0.47454519624983954,-0.4736736092984604,-0.5064721088735089,0
132,0.8273772438659699,1.3555735383351193,0.4327933656785018,-0.4736736092984604,-0.35646868933346404,0
133,-0.3693648410115938,1.3555735383351193,0.4327933656785018,-0.4736736092984604,-0.12491978668775715,1
134,-0.3693648410115938,-0.7376951317802901,-0.47454519624983954,-0.4736736092984604,-0.3866707201133388,0
135,-0.3693648410115938,-0.7376951317802901,-0.47454519624983954,-0.4736736092984604,-0.3454791770670269,0
136,-1.5661069258891576,1.3555735383351193,-0.47454519624983954,2.0089333664952354,-0.11921562980779811,1
137,-1.5661069258891576,-0.7376951317802901,0.4327933656785018,-0.4736736092984604,0.4207302360686478,0
138,0.8273772438659699,-0.7376951317802901,-0.47454519624983954,-0.4736736092984604,-0.4628462821463391,0
139,-1.5661069258891576,-0.7376951317802901,-0.47454519624983954,-0.4736736092984604,0.9462455716384695,0
140,0.8273772438659699,1.3555735383351193,-0.47454519624983954,2.0089333664952354,-0.3414522396297103,0
141,0.8273772438659699,1.3555735383351193,-0.47454519624983954,-0.4736736092984604,-0.49237782784290063,1
142,0.8273772438659699,1.3555735383351193,0.4327933656785018,-0.4736736092984604,-0.32928686163157667,1
143,0.8273772438659699,-0.7376951317802901,-0.47454519624983954,-0.4736736092984604,-0.5125125150294839,0
144,-0.3693648410115938,-0.7376951317802901,-0.47454519624983954,-0.4736736092984604,-0.41687275089321363,0
145,-0.3693648410115938,-0.7376951317802901,0.4327933656785018,0.7676298785983874,0.09152810056801232,0
146,0.8273772438659699,-0.7376951317802901,-0.47454519624983954,-0.4736736092984604,-0.49145565916975514,1
147,0.8273772438659699,1.3555735383351193,1.340131927606843,2.0089333664952354,0.04370821849987721,0
148,-0.3693648410115938,-0.7376951317802901,-0.47454519624983954,2.0089333664952354,-0.12491978668775715,0
149,-0.3693648410115938,-0.7376951317802901,-0.47454519624983954,-0.4736736092984604,-0.3866707201133388,0
150,-0.3693648410115938,-0.7376951317802901,-0.47454519624983954,-0.4736736092984604,-0.39623469652696586,0
151,-1.5661069258891576,1.3555735383351193,0.4327933656785018,-0.4736736092984604,0.6925485130875209,1
152,0.8273772438659699,-0.7376951317802901,-0.47454519624983954,-0.4736736092984604,-0.4863374216869257,0
153,0.8273772438659699,-0.7376951317802901,-0.47454519624983954,2.0089333664952354,-0.35646868933346404,0
154,0.8273772438659699,-0.7376951317802901,-0.47454519624983954,-0.4736736092984604,-0.5011867534870308,0
155,-1.5661069258891576,-0.7376951317802901,-0.47454519624983954,0.7676298785983874,0.5874293382238074,0
156,0.8273772438659699,1.3555735383351193,-0.47454519624983954,-0.4736736092984604,-0.49271407711891657,1
157,0.8273772438659699,-0.7376951317802901,-0.47454519624983954,-0.4736736092984604,-0.4863374216869257,0
158,0.8273772438659699,-0.7376951317802901,-0.47454519624983954,-0.4736736092984604,-0.47400492578514347,0
159,0.8273772438659699,-0.7376951317802901,6.784163299176891,2.0089333664952354,0.7519458402879414,0
160,0.8273772438659699,-0.7376951317802901,-0.47454519624983954,0.7676298785983874,-0.32425318983493084,0
161,-0.3693648410115938,1.3555735383351193,-0.47454519624983954,-0.4736736092984604,-0.331300330350235,1
162,0.8273772438659699,-0.7376951317802901,-0.47454519624983954,-0.4736736092984604,-0.4918744606632361,0
163,0.8273772438659699,-0.7376951317802901,-0.47454519624983954,-0.4736736092984604,-0.47400492578514347,0
164,0.8273772438659699,-0.7376951317802901,3.1548090514635256,0.7676298785983874,0.1506737441786005,0
165,0.8273772438659699,-0.7376951317802901,-0.47454519624983954,2.0089333664952354,-0.2351571990343002,1
166,-1.5661069258891576,1.3555735383351193,-0.47454519624983954,0.7676298785983874,0.4589861417231558,1
167,0.8273772438659699,1.3555735383351193,0.4327933656785018,4.491540342288931,-0.08666388103324908,0
168,-1.5661069258891576,-0.7376951317802901,-0.47454519624983954,-0.4736736092984604,-0.12642988822675086,0
169,0.8273772438659699,-0.7376951317802901,-0.47454519624983954,-0.4736736092984604,0.48910360681684706,0
170,-1.5661069258891576,-0.7376951317802901,-0.47454519624983954,-0.4736736092984604,0.026090367211616904,0
171,0.8273772438659699,-0.7376951317802901,3.1548090514635256,0.7676298785983874,-0.06199888922968463,0
172,0.8273772438659699,1.3555735383351193,0.4327933656785018,0.7676298785983874,-0.4242561406845337,1
173,0.8273772438659699,-0.7376951317802901,-0.47454519624983954,-0.4736736092984604,-0.4888542575852486,0
174,-1.5661069258891576,-0.7376951317802901,-0.47454519624983954,-0.4736736092984604,-0.030371322596999754,0
175,0.8273772438659699,-0.7376951317802901,0.4327933656785018,0.7676298785983874,-0.4902797934380587,0
176,0.8273772438659699,-0.7376951317802901,2.2474704895351842,0.7676298785983874,-0.13565761536436197,0
177,-1.5661069258891576,1.3555735383351193,-0.47454519624983954,-0.4736736092984604,-0.07030444769415023,0
178,-0.3693648410115938,-0.7376951317802901,-0.47454519624983954,-0.4736736092984604,-0.3866707201133388,0
179,0.8273772438659699,-0.7376951317802901,-0.47454519624983954,-0.4736736092984604,-0.6484216535389205,0
180,0.8273772438659699,1.3555735383351193,6.784163299176891,2.0089333664952354,0.7519458402879414,0
181,-0.3693648410115938,-0.7376951317802901,-0.47454519624983954,-0.4736736092984604,-0.34539461138084326,0
182,0.8273772438659699,-0.7376951317802901,3.1548090514635256,2.0089333664952354,-0.016444159470040135,0
183,-0.3693648410115938,-0.7376951317802901,1.340131927606843,0.7676298785983874,0.13683114673782454,1
184,0.8273772438659699,1.3555735383351193,-0.47454519624983954,2.0089333664952354,-0.20495516825442542,1
185,-1.5661069258891576,-0.7376951317802901,-0.47454519624983954,-0.4736736092984604,0.3583127057902398,0
186,0.8273772438659699,1.3555735383351193,0.4327933656785018,-0.4736736092984604,-0.3363340021468808,1
187,-1.5661069258891576,-0.7376951317802901,-0.47454519624983954,-0.4736736092984604,-0.11384570873513637,1
188,0.8273772438659699,-0.7376951317802901,0.4327933656785018,0.7676298785983874,-0.3363340021468808,0
189,0.8273772438659699,-0.7376951317802901,-0.47454519624983954,-0.4736736092984604,-0.4894421904510968,0
190,-0.3693648410115938,1.3555735383351193,-0.47454519624983954,-0.4736736092984604,-0.3866707201133388,1
191,-0.3693648410115938,-0.7376951317802901,-0.47454519624983954,-0.4736736092984604,-0.3866707201133388,0
192,0.8273772438659699,1.3555735383351193,0.4327933656785018,-0.4736736092984604,-0.4902797934380587,1
193,-0.3693648410115938,-0.7376951317802901,0.4327933656785018,0.7676298785983874,-0.12491978668775715,1
194,-1.5661069258891576,1.3555735383351193,-0.47454519624983954,-0.4736736092984604,-0.09027201697708476,1
195,-1.5661069258891576,1.3555735383351193,-0.47454519624983954,-0.4736736092984604,2.301728820789,1
196,0.8273772438659699,-0.7376951317802901,-0.47454519624983954,-0.4736736092984604,-0.49237782784290063,0
197,0.8273772438659699,-0.7376951317802901,-0.47454519624983954,0.7676298785983874,-0.47920571548543794,0
198,0.8273772438659699,1.3555735383351193,-0.47454519624983954,-0.4736736092984604,-0.49237782784290063,1
199,-0.3693648410115938,1.3555735383351193,-0.47454519624983954,-0.4736736092984604,-0.3866707201133388,0
200,0.8273772438659699,-0.7376951317802901,-0.47454519624983954,-0.4736736092984604,-0.45714212526638004,0
201,0.8273772438659699,-0.7376951317802901,6.784163299176891,2.0089333664952354,0.7519458402879414,0
202,0.8273772438659699,-0.7376951317802901,-0.47454519624983954,-0.4736736092984604,-0.5176307525123133,0
203,0.8273772438659699,-0.7376951317802901,-0.47454519624983954,-0.4736736092984604,-0.5029485386158568,0
204,0.8273772438659699,-0.7376951317802901,-0.47454519624983954,-0.4736736092984604,-0.4863374216869257,1
205,0.8273772438659699,1.3555735383351193,-0.47454519624983954,0.7676298785983874,-0.43776248884929375,0
206,0.8273772438659699,-0.7376951317802901,0.4327933656785018,-0.4736736092984604,-0.32928686163157667,0
207,0.8273772438659699,-0.7376951317802901,-0.47454519624983954,-0.4736736092984604,-0.2701412180209885,1
208,0.8273772438659699,1.3555735383351193,-0.47454519624983954,-0.4736736092984604,-0.49237782784290063,1
209,-1.5661069258891576,-0.7376951317802901,-0.47454519624983954,-0.4736736092984604,-0.024246350754841113,1
210,0.8273772438659699,-0.7376951317802901,-0.47454519624983954,-0.4736736092984604,-0.5064721088735089,0
211,-0.3693648410115938,1.3555735383351193,-0.47454519624983954,-0.4736736092984604,-0.22559322262067316,1
212,0.8273772438659699,-0.7376951317802901,-0.47454519624983954,-0.4736736092984604,-0.5024451714361923,0
213,-0.3693648410115938,-0.7376951317802901,-0.47454519624983954,-0.4736736092984604,-0.3866707201133388,0
214,0.8273772438659699,-0.7376951317802901,0.4327933656785018,-0.4736736092984604,-0.49237782784290063,0
215,-1.5661069258891576,1.3555735383351193,0.4327933656785018,-0.4736736092984604,1.6323350375212924,1
216,0.8273772438659699,1.3555735383351193,-0.47454519624983954,-0.4736736092984604,-0.4888542575852486,1
217,-0.3693648410115938,-0.7376951317802901,0.4327933656785018,-0.4736736092984604,-0.10478509950117394,0
218,-1.5661069258891576,1.3555735383351193,-0.47454519624983954,-0.4736736092984604,0.8876878608937296,1
219,-0.3693648410115938,-0.7376951317802901,-0.47454519624983954,-0.4736736092984604,-0.43700743807979686,0
220,0.8273772438659699,-0.7376951317802901,-0.47454519624983954,-0.4736736092984604,-0.4863374216869257,1
221,-0.3693648410115938,-0.7376951317802901,-0.47454519624983954,-0.4736736092984604,-0.3866707201133388,0
222,0.8273772438659699,-0.7376951317802901,-0.47454519624983954,-0.4736736092984604,-0.4863374216869257,0
223,0.8273772438659699,-0.7376951317802901,-0.47454519624983954,-0.4736736092984604,-0.4894421904510968,0
224,-1.5661069258891576,-0.7376951317802901,0.4327933656785018,-0.4736736092984604,1.163700193253568,1
225,0.8273772438659699,-0.7376951317802901,-0.47454519624983954,-0.4736736092984604,-0.4601623283443675,0
226,-0.3693648410115938,-0.7376951317802901,-0.47454519624983954,-0.4736736092984604,-0.43700743807979686,1
227,0.8273772438659699,-0.7376951317802901,-0.47454519624983954,-0.4736736092984604,-0.5024451714361923,0
228,-0.3693648410115938,-0.7376951317802901,-0.47454519624983954,-0.4736736092984604,-0.3866707201133388,0
229,0.8273772438659699,1.3555735383351193,2.2474704895351842,0.7676298785983874,-0.13565761536436197,0
230,-1.5661069258891576,1.3555735383351193,0.4327933656785018,-0.4736736092984604,1.0323213593611125,1
231,0.8273772438659699,-0.7376951317802901,-0.47454519624983954,-0.4736736092984604,-0.4918744606632361,0
232,-0.3693648410115938,-0.7376951317802901,-0.47454519624983954,-0.4736736092984604,-0.3766033765200472,0
233,0.8273772438659699,1.3555735383351193,3.1548090514635256,2.0089333664952354,-0.016444159470040135,1
234,-0.3693648410115938,-0.7376951317802901,-0.47454519624983954,-0.4736736092984604,-0.43700743807979686,0
235,0.8273772438659699,1.3555735383351193,-0.47454519624983954,-0.4736736092984604,-0.49640476528021726,0
236,-0.3693648410115938,-0.7376951317802901,0.4327933656785018,-0.4736736092984604,-0.12491978668775715,0
237,-0.3693648410115938,1.3555735383351193,-0.47454519624983954,2.0089333664952354,-0.11988611489111134,1
238,-0.3693648410115938,-0.7376951317802901,-0.47454519624983954,-0.4736736092984604,-0.43700743807979686,0
239,-0.3693648410115938,-0.7376951317802901,-0.47454519624983954,-0.4736736092984604,-0.4012683683236117,0
240,0.8273772438659699,1.3555735383351193,0.4327933656785018,-0.4736736092984604,-0.3573908580066095,0
241,0.8273772438659699,1.3555735383351193,0.4327933656785018,-0.4736736092984604,-0.3363340021468808,1
242,-0.3693648410115938,-0.7376951317802901,-0.47454519624983954,-0.4736736092984604,-0.43700743807979686,0
243,0.8273772438659699,-0.7376951317802901,-0.47454519624983954,-0.4736736092984604,-0.5049620073345151,0
244,0.8273772438659699,-0.7376951317802901,-0.47454519624983954,-0.4736736092984604,-0.5029485386158568,0
245,-1.5661069258891576,-0.7376951317802901,1.340131927606843,-0.4736736092984604,1.163700193253568,0
246,0.8273772438659699,1.3555735383351193,-0.47454519624983954,-0.4736736092984604,-0.4918744606632361,0
247,-0.3693648410115938,1.3555735383351193,-0.47454519624983954,2.0089333664952354,-0.35646868933346404,1
248,-1.5661069258891576,-0.7376951317802901,0.4327933656785018,0.7676298785983874,0.40974072380221066,1
249,-0.3693648410115938,-0.7376951317802901,0.4327933656785018,-0.4736736092984604,-0.12491978668775715,0
250,0.8273772438659699,-0.7376951317802901,-0.47454519624983954,-0.4736736092984604,-0.5024451714361923,0
251,0.8273772438659699,1.3555735383351193,0.4327933656785018,0.7676298785983874,-0.43776248884929375,0
252,-1.5661069258891576,-0.7376951317802901,-0.47454519624983954,-0.4736736092984604,-0.11384570873513637,0
253,0.8273772438659699,-0.7376951317802901,0.4327933656785018,-0.4736736092984604,-0.32425318983493084,0
254,0.8273772438659699,1.3555735383351193,-0.47454519624983954,2.0089333664952354,-0.2414492887801075,0
255,0.8273772438659699,1.3555735383351193,-0.47454519624983954,2.0089333664952354,-0.3414522396297103,1
256,-1.5661069258891576,1.3555735383351193,-0.47454519624983954,-0.4736736092984604,0.9462455716384695,1
257,-1.5661069258891576,1.3555735383351193,-0.47454519624983954,-0.4736736092984604,1.093228788100527,1
258,-1.5661069258891576,1.3555735383351193,-0.47454519624983954,-0.4736736092984604,9.667166525013505,1
259,-0.3693648410115938,1.3555735383351193,-0.47454519624983954,0.7676298785983874,-0.12491978668775715,1
260,0.8273772438659699,-0.7376951317802901,-0.47454519624983954,-0.4736736092984604,-0.49237782784290063,0
261,0.8273772438659699,-0.7376951317802901,3.1548090514635256,2.0089333664952354,-0.016444159470040135,1
262,-1.5661069258891576,-0.7376951317802901,0.4327933656785018,0.7676298785983874,0.955306180872432,0
263,-1.5661069258891576,-0.7376951317802901,-0.47454519624983954,-0.4736736092984604,-0.6484216535389205,0
264,0.8273772438659699,1.3555735383351193,-0.47454519624983954,-0.4736736092984604,-0.49237782784290063,0
265,-0.3693648410115938,-0.7376951317802901,-0.47454519624983954,-0.4736736092984604,-0.43700743807979686,0
266,0.8273772438659699,-0.7376951317802901,3.1548090514635256,0.7676298785983874,0.1506737441786005,0
267,0.8273772438659699,-0.7376951317802901,0.4327933656785018,-0.4736736092984604,-0.4918744606632361,1
268,-1.5661069258891576,1.3555735383351193,-0.47454519624983954,0.7676298785983874,2.441497778832105,1
269,-1.5661069258891576,1.3555735383351193,-0.47454519624983954,-0.4736736092984604,2.0825124140450755,1
270,-1.5661069258891576,-0.7376951317802901,-0.47454519624983954,-0.4736736092984604,-0.024246350754841113,0
271,0.8273772438659699,-0.7376951317802901,-0.47454519624983954,-0.4736736092984604,-0.6484216535389205,1
272,-0.3693648410115938,1.3555735383351193,-0.47454519624983954,0.7676298785983874,-0.255795253400548,1
273,-1.5661069258891576,-0.7376951317802901,-0.47454519624983954,0.7676298785983874,-0.05042144409739929,0
274,0.8273772438659699,1.3555735383351193,-0.47454519624983954,-0.4736736092984604,-0.49237782784290063,1
275,-1.5661069258891576,1.3555735383351193,0.4327933656785018,-0.4736736092984604,0.921244330558889,1
276,0.8273772438659699,1.3555735383351193,-0.47454519624983954,-0.4736736092984604,-0.49237782784290063,0
277,-0.3693648410115938,-0.7376951317802901,-0.47454519624983954,-0.4736736092984604,-0.6484216535389205,0
278,0.8273772438659699,-0.7376951317802901,3.1548090514635256,0.7676298785983874,-0.06199888922968463,0
279,0.8273772438659699,1.3555735383351193,0.4327933656785018,0.7676298785983874,-0.24069423801061057,1
280,0.8273772438659699,-0.7376951317802901,-0.47454519624983954,-0.4736736092984604,-0.49237782784290063,0
281,0.8273772438659699,-0.7376951317802901,-0.47454519624983954,-0.4736736092984604,-0.4902797934380587,0
282,0.8273772438659699,-0.7376951317802901,-0.47454519624983954,-0.4736736092984604,-0.45714212526638004,0
283,0.8273772438659699,-0.7376951317802901,-0.47454519624983954,-0.4736736092984604,-0.4863374216869257,1
284,-1.5661069258891576,-0.7376951317802901,-0.47454519624983954,-0.4736736092984604,-0.12491978668775715,0
285,0.8273772438659699,-0.7376951317802901,-0.47454519624983954,-0.4736736092984604,-0.47400492578514347,0
286,0.8273772438659699,-0.7376951317802901,-0.47454519624983954,-0.4736736092984604,-0.45714212526638004,1
287,0.8273772438659699,-0.7376951317802901,-0.47454519624983954,-0.4736736092984604,-0.4894421904510968,0
288,-0.3693648410115938,-0.7376951317802901,-0.47454519624983954,-0.4736736092984604,-0.3866707201133388,1
289,0.8273772438659699,1.3555735383351193,-0.47454519624983954,-0.4736736092984604,-0.49237782784290063,1
290,-1.5661069258891576,1.3555735383351193,-0.47454519624983954,-0.4736736092984604,0.9391984311231651,1
291,-1.5661069258891576,1.3555735383351193,0.4327933656785018,-0.4736736092984604,1.1854295476653287,1
292,-0.3693648410115938,-0.7376951317802901,-0.47454519624983954,-0.4736736092984604,-0.3891875560116617,0
293,0.8273772438659699,1.3555735383351193,-0.47454519624983954,-0.4736736092984604,-0.4702296719376591,0
294,0.8273772438659699,-0.7376951317802901,-0.47454519624983954,-0.4736736092984604,-0.4894421904510968,0
295,-1.5661069258891576,-0.7376951317802901,-0.47454519624983954,-0.4736736092984604,-0.09027201697708476,0
296,0.8273772438659699,-0.7376951317802901,-0.47454519624983954,-0.4736736092984604,-0.5028639729296732,0
297,-1.5661069258891576,1.3555735383351193,0.4327933656785018,2.0089333664952354,2.4029901895877646,0
298,-1.5661069258891576,-0.7376951317802901,-0.47454519624983954,-0.4736736092984604,-0.034313694348132716,1
299,-1.5661069258891576,1.3555735383351193,-0.47454519624983954,0.7676298785983874,4.335332226633905,1
300,0.8273772438659699,1.3555735383351193,-0.47454519624983954,-0.4736736092984604,-0.49237782784290063,1
301,0.8273772438659699,-0.7376951317802901,1.340131927606843,-0.4736736092984604,-0.18029017645086096,1
302,0.8273772438659699,-0.7376951317802901,-0.47454519624983954,-0.4736736092984604,-0.6484216535389205,0
303,-0.3693648410115938,1.3555735383351193,-0.47454519624983954,-0.4736736092984604,-0.3997582667846179,1
304,0.8273772438659699,-0.7376951317802901,-0.47454519624983954,-0.4736736092984604,-0.4863374216869257,0
305,-1.5661069258891576,-0.7376951317802901,0.4327933656785018,2.0089333664952354,2.4029901895877646,1
306,-1.5661069258891576,1.3555735383351193,-0.47454519624983954,-0.4736736092984604,1.5841789061771412,1
307,-1.5661069258891576,1.3555735383351193,0.4327933656785018,-0.4736736092984604,1.5442457810799908,1
308,-0.3693648410115938,-0.7376951317802901,0.4327933656785018,-0.4736736092984604,-0.16518916106092355,0
309,-1.5661069258891576,1.3555735383351193,-0.47454519624983954,-0.4736736092984604,0.49782998024351216,1
310,-1.5661069258891576,1.3555735383351193,-0.47454519624983954,-0.4736736092984604,1.0259447039291216,1
311,-1.5661069258891576,1.3555735383351193,1.340131927606843,2.0089333664952354,4.634416897040849,1
312,-0.3693648410115938,1.3555735383351193,0.4327933656785018,0.7676298785983874,-0.12491978668775715,0
313,0.8273772438659699,-0.7376951317802901,-0.47454519624983954,-0.4736736092984604,-0.4894421904510968,0
314,-0.3693648410115938,-0.7376951317802901,0.4327933656785018,0.7676298785983874,-0.11988611489111134,0
315,0.8273772438659699,1.3555735383351193,-0.47454519624983954,-0.4736736092984604,-0.4902797934380587,1
316,-0.3693648410115938,1.3555735383351193,0.4327933656785018,-0.4736736092984604,-0.12491978668775715,1
317,-0.3693648410115938,-0.7376951317802901,-0.47454519624983954,-0.4736736092984604,-0.36653603292675563,0
318,-1.5661069258891576,1.3555735383351193,-0.47454519624983954,2.0089333664952354,2.671117778445337,1
319,-1.5661069258891576,1.3555735383351193,0.4327933656785018,0.7676298785983874,2.059693773056521,1
320,0.8273772438659699,-0.7376951317802901,-0.47454519624983954,-0.4736736092984604,-0.5024451714361923,0
321,0.8273772438659699,-0.7376951317802901,-0.47454519624983954,-0.4736736092984604,-0.4894421904510968,0
322,-0.3693648410115938,1.3555735383351193,-0.47454519624983954,-0.4736736092984604,-0.3997582667846179,1
323,-0.3693648410115938,1.3555735383351193,0.4327933656785018,0.7676298785983874,-0.06451572512800753,1
324,0.8273772438659699,-0.7376951317802901,6.784163299176891,2.0089333664952354,0.7519458402879414,0
325,-1.5661069258891576,1.3555735383351193,-0.47454519624983954,-0.4736736092984604,2.0825124140450755,1
326,0.8273772438659699,-0.7376951317802901,-0.47454519624983954,-0.4736736092984604,-0.5228315422126077,0
327,-0.3693648410115938,1.3555735383351193,-0.47454519624983954,-0.4736736092984604,-0.3866707201133388,1
328,0.8273772438659699,1.3555735383351193,0.4327933656785018,0.7676298785983874,-0.2351571990343002,1
329,-1.5661069258891576,1.3555735383351193,-0.47454519624983954,0.7676298785983874,0.5189714017894245,1
330,0.8273772438659699,1.3555735383351193,1.340131927606843,-0.4736736092984604,-0.18029017645086096,1
331,-1.5661069258891576,-0.7376951317802901,-0.47454519624983954,-0.4736736092984604,-0.07458306872129913,0
332,-1.5661069258891576,-0.7376951317802901,-0.47454519624983954,0.7676298785983874,2.441497778832105,0
333,0.8273772438659699,-0.7376951317802901,1.340131927606843,-0.4736736092984604,-0.2859972841804228,0
334,-1.5661069258891576,1.3555735383351193,0.4327933656785018,-0.4736736092984604,2.042579288947925,1
335,0.8273772438659699,-0.7376951317802901,-0.47454519624983954,-0.4736736092984604,-0.4894421904510968,0
336,-1.5661069258891576,-0.7376951317802901,0.4327933656785018,-0.4736736092984604,0.6925485130875209,0
337,-1.5661069258891576,1.3555735383351193,-0.47454519624983954,-0.4736736092984604,2.059693773056521,1
338,0.8273772438659699,-0.7376951317802901,-0.47454519624983954,-0.4736736092984604,-0.4863374216869257,1
339,-1.5661069258891576,-0.7376951317802901,-0.47454519624983954,-0.4736736092984604,0.06635974158478332,0
340,-0.3693648410115938,-0.7376951317802901,0.4327933656785018,0.7676298785983874,-0.12491978668775715,1
341,-1.5661069258891576,1.3555735383351193,2.2474704895351842,2.0089333664952354,4.647001076532463,1
342,-0.3693648410115938,-0.7376951317802901,-0.47454519624983954,-0.4736736092984604,-0.3866707201133388,0
343,-0.3693648410115938,-0.7376951317802901,-0.47454519624983954,-0.4736736092984604,-0.3866707201133388,0
344,-0.3693648410115938,-0.7376951317802901,-0.47454519624983954,-0.4736736092984604,-0.3866707201133388,0
345,-0.3693648410115938,1.3555735383351193,-0.47454519624983954,-0.4736736092984604,-0.3866707201133388,1
346,-0.3693648410115938,1.3555735383351193,-0.47454519624983954,-0.4736736092984604,-0.3866707201133388,1
347,0.8273772438659699,1.3555735383351193,0.4327933656785018,-0.4736736092984604,-0.32425318983493084,1
348,0.8273772438659699,-0.7376951317802901,0.4327933656785018,0.7676298785983874,-0.32828012727224753,1
349,0.8273772438659699,-0.7376951317802901,-0.47454519624983954,-0.4736736092984604,-0.47400492578514347,0
350,0.8273772438659699,-0.7376951317802901,-0.47454519624983954,-0.4736736092984604,-0.4626791642426904,0
351,-1.5661069258891576,-0.7376951317802901,-0.47454519624983954,-0.4736736092984604,0.05629239799149171,0
352,0.8273772438659699,-0.7376951317802901,0.4327933656785018,0.7676298785983874,-0.5028639729296732,0
353,0.8273772438659699,-0.7376951317802901,0.4327933656785018,-0.4736736092984604,-0.29002422161773944,0
354,0.8273772438659699,-0.7376951317802901,-0.47454519624983954,-0.4736736092984604,-0.5029485386158568,0
355,0.8273772438659699,-0.7376951317802901,-0.47454519624983954,-0.4736736092984604,-0.45714212526638004,0
356,-1.5661069258891576,1.3555735383351193,-0.47454519624983954,0.7676298785983874,0.4589861417231558,1
357,-0.3693648410115938,1.3555735383351193,-0.47454519624983954,-0.4736736092984604,-0.3866707201133388,0
358,0.8273772438659699,1.3555735383351193,-0.47454519624983954,-0.4736736092984604,-0.48977642625839407,1
359,0.8273772438659699,1.3555735383351193,-0.47454519624983954,-0.4736736092984604,-0.48977642625839407,1
360,0.8273772438659699,-0.7376951317802901,0.4327933656785018,4.491540342288931,-0.08666388103324908,0
361,-0.3693648410115938,-0.7376951317802901,0.4327933656785018,-0.4736736092984604,-0.09027201697708476,0
362,0.8273772438659699,1.3555735383351193,-0.47454519624983954,0.7676298785983874,-0.3573908580066095,0
363,0.8273772438659699,-0.7376951317802901,-0.47454519624983954,-0.4736736092984604,-0.5064721088735089,0
364,0.8273772438659699,-0.7376951317802901,0.4327933656785018,-0.4736736092984604,-0.3363340021468808,0
365,0.8273772438659699,-0.7376951317802901,-0.47454519624983954,-0.4736736092984604,-0.5024451714361923,0
366,-1.5661069258891576,1.3555735383351193,0.4327933656785018,-0.4736736092984604,0.8667135572514657,1
367,0.8273772438659699,1.3555735383351193,-0.47454519624983954,-0.4736736092984604,-0.5028639729296732,1
368,0.8273772438659699,1.3555735383351193,-0.47454519624983954,-0.4736736092984604,-0.49237782784290063,1
369,-1.5661069258891576,1.3555735383351193,-0.47454519624983954,-0.4736736092984604,0.7469121684912956,1
370,-1.5661069258891576,-0.7376951317802901,0.4327933656785018,-0.4736736092984604,0.4678796330534696,1
371,0.8273772438659699,-0.7376951317802901,0.4327933656785018,-0.4736736092984604,-0.5176307525123133,0
372,0.8273772438659699,-0.7376951317802901,-0.47454519624983954,-0.4736736092984604,-0.4863374216869257,0
373,-1.5661069258891576,-0.7376951317802901,-0.47454519624983954,-0.4736736092984604,2.0825124140450755,0
374,0.8273772438659699,1.3555735383351193,2.2474704895351842,0.7676298785983874,-0.22408312108167944,0
375,-1.5661069258891576,1.3555735383351193,0.4327933656785018,-0.4736736092984604,1.0060617003323709,1
376,0.8273772438659699,1.3555735383351193,-0.47454519624983954,-0.4736736092984604,-0.5024451714361923,1
377,-1.5661069258891576,-0.7376951317802901,-0.47454519624983954,2.0089333664952354,3.610064686423428,0
378,0.8273772438659699,-0.7376951317802901,-0.47454519624983954,-0.4736736092984604,-0.5676312212027554,0
379,0.8273772438659699,-0.7376951317802901,-0.47454519624983954,-0.4736736092984604,-0.4918744606632361,0
380,-1.5661069258891576,1.3555735383351193,-0.47454519624983954,-0.4736736092984604,3.9327230485884233,1
381,0.8273772438659699,1.3555735383351193,-0.47454519624983954,2.0089333664952354,-0.33146744825388363,1
382,0.8273772438659699,-0.7376951317802901,-0.47454519624983954,-0.4736736092984604,-0.4888542575852486,0
383,-1.5661069258891576,1.3555735383351193,0.4327933656785018,-0.4736736092984604,0.39858208016340624,1
384,0.8273772438659699,-0.7376951317802901,-0.47454519624983954,-0.4736736092984604,-0.4894421904510968,0
385,-0.3693648410115938,-0.7376951317802901,-0.47454519624983954,-0.4736736092984604,0.8314778546749452,0
386,0.8273772438659699,-0.7376951317802901,4.0621476133918675,2.0089333664952354,0.2958951755118318,0
387,-0.3693648410115938,1.3555735383351193,-0.47454519624983954,-0.4736736092984604,-0.3866707201133388,1
388,0.8273772438659699,-0.7376951317802901,-0.47454519624983954,-0.4736736092984604,-0.49279662933638163,0
389,-0.3693648410115938,1.3555735383351193,-0.47454519624983954,-0.4736736092984604,-0.40680540729992204,1
390,-1.5661069258891576,-0.7376951317802901,0.4327933656785018,2.0089333664952354,1.7677408088510642,1
391,0.8273772438659699,-0.7376951317802901,-0.47454519624983954,-0.4736736092984604,-0.49145565916975514,1
392,0.8273772438659699,-0.7376951317802901,1.340131927606843,-0.4736736092984604,-0.4888542575852486,0
393,-1.5661069258891576,1.3555735383351193,0.4327933656785018,-0.4736736092984604,1.6323350375212924,1
394,0.8273772438659699,1.3555735383351193,-0.47454519624983954,2.0089333664952354,-0.312172377522981,1
395,0.8273772438659699,-0.7376951317802901,-0.47454519624983954,-0.4736736092984604,-0.49145565916975514,0
396,0.8273772438659699,1.3555735383351193,-0.47454519624983954,-0.4736736092984604,-0.4902797934380587,0
397,-0.3693648410115938,-0.7376951317802901,-0.47454519624983954,-0.4736736092984604,-0.12491978668775715,0
398,-0.3693648410115938,-0.7376951317802901,-0.47454519624983954,-0.4736736092984604,-0.43700743807979686,0
399,-0.3693648410115938,1.3555735383351193,-0.47454519624983954,-0.4736736092984604,-0.393717860628643,1
400,0.8273772438659699,-0.7376951317802901,-0.47454519624983954,-0.4736736092984604,-0.4888542575852486,1
401,0.8273772438659699,-0.7376951317802901,-0.47454519624983954,-0.4736736092984604,-0.4863374216869257,0
402,0.8273772438659699,1.3555735383351193,0.4327933656785018,-0.4736736092984604,-0.4505983519307405,0
403,0.8273772438659699,-0.7376951317802901,0.4327933656785018,-0.4736736092984604,-0.32928686163157667,0
404,0.8273772438659699,1.3555735383351193,-0.47454519624983954,-0.4736736092984604,-0.47400492578514347,0
405,-0.3693648410115938,-0.7376951317802901,0.4327933656785018,-0.4736736092984604,-0.22559322262067316,0
406,0.8273772438659699,-0.7376951317802901,-0.47454519624983954,-0.4736736092984604,-0.49237782784290063,0
407,-0.3693648410115938,-0.7376951317802901,0.4327933656785018,0.7676298785983874,-0.2708962687904854,1
408,0.8273772438659699,-0.7376951317802901,-0.47454519624983954,-0.4736736092984604,-0.4918744606632361,0
409,0.8273772438659699,1.3555735383351193,2.2474704895351842,0.7676298785983874,-0.13565761536436197,0
410,0.8273772438659699,-0.7376951317802901,-0.47454519624983954,-0.4736736092984604,-0.4894421904510968,0
411,0.8273772438659699,-0.7376951317802901,-0.47454519624983954,-0.4736736092984604,-0.5103319284071769,0
412,-1.5661069258891576,1.3555735383351193,0.4327933656785018,-0.4736736092984604,1.163700193253568,1
413,-0.3693648410115938,-0.7376951317802901,-0.47454519624983954,-0.4736736092984604,-0.6484216535389205,0
414,0.8273772438659699,-0.7376951317802901,-0.47454519624983954,-0.4736736092984604,-0.4888542575852486,1
415,0.8273772438659699,1.3555735383351193,-0.47454519624983954,-0.4736736092984604,-0.4863374216869257,0
416,-0.3693648410115938,1.3555735383351193,0.4327933656785018,0.7676298785983874,0.005955680025033696,1
417,-0.3693648410115938,1.3555735383351193,-0.47454519624983954,2.0089333664952354,-0.3866707201133388,1
418,-0.3693648410115938,-0.7376951317802901,-0.47454519624983954,-0.4736736092984604,-0.3866707201133388,0
419,0.8273772438659699,1.3555735383351193,-0.47454519624983954,2.0089333664952354,-0.1621689579829361,0
420,0.8273772438659699,-0.7376951317802901,-0.47454519624983954,-0.4736736092984604,-0.4894421904510968,0
421,0.8273772438659699,-0.7376951317802901,-0.47454519624983954,-0.4736736092984604,-0.49271407711891657,0
422,0.8273772438659699,-0.7376951317802901,-0.47454519624983954,-0.4736736092984604,-0.4898609919445778,0
423,0.8273772438659699,1.3555735383351193,0.4327933656785018,0.7676298785983874,-0.35848215805212236,0
424,0.8273772438659699,-0.7376951317802901,0.4327933656785018,0.7676298785983874,-0.2414492887801075,0
425,0.8273772438659699,-0.7376951317802901,-0.47454519624983954,-0.4736736092984604,-0.5024451714361923,0
426,-0.3693648410115938,1.3555735383351193,0.4327933656785018,-0.4736736092984604,-0.12491978668775715,1
427,-0.3693648410115938,1.3555735383351193,-0.47454519624983954,-0.4736736092984604,-0.12491978668775715,1
428,0.8273772438659699,-0.7376951317802901,-0.47454519624983954,-0.4736736092984604,-0.49237782784290063,0
429,0.8273772438659699,-0.7376951317802901,-0.47454519624983954,-0.4736736092984604,-0.4863374216869257,1
430,-1.5661069258891576,-0.7376951317802901,-0.47454519624983954,-0.4736736092984604,-0.11384570873513637,1
431,0.8273772438659699,1.3555735383351193,0.4327933656785018,-0.4736736092984604,-0.32425318983493084,1
432,-0.3693648410115938,1.3555735383351193,0.4327933656785018,-0.4736736092984604,-0.12491978668775715,1
433,0.8273772438659699,-0.7376951317802901,-0.47454519624983954,-0.4736736092984604,-0.5049620073345151,0
434,-1.5661069258891576,-0.7376951317802901,0.4327933656785018,-0.4736736092984604,0.4771073601910807,0
435,-1.5661069258891576,1.3555735383351193,0.4327933656785018,2.0089333664952354,1.7677408088510642,1
436,0.8273772438659699,1.3555735383351193,1.340131927606843,2.0089333664952354,0.04370821849987721,0
437,-0.3693648410115938,1.3555735383351193,1.340131927606843,3.250236854392083,-0.2708962687904854,1
438,-1.5661069258891576,-0.7376951317802901,0.4327933656785018,4.491540342288931,4.647001076532463,0
439,-0.3693648410115938,-0.7376951317802901,-0.47454519624983954,-0.4736736092984604,-0.43700743807979686,0
440,-0.3693648410115938,1.3555735383351193,0.4327933656785018,0.7676298785983874,-0.11988611489111134,1
441,0.8273772438659699,-0.7376951317802901,-0.47454519624983954,-0.4736736092984604,-0.45714212526638004,0
442,0.8273772438659699,-0.7376951317802901,0.4327933656785018,-0.4736736092984604,-0.4918744606632361,0
443,-0.3693648410115938,1.3555735383351193,-0.47454519624983954,-0.4736736092984604,-0.3866707201133388,1
444,0.8273772438659699,-0.7376951317802901,-0.47454519624983954,-0.4736736092984604,-0.48507900373776425,1
445,-1.5661069258891576,-0.7376951317802901,-0.47454519624983954,2.0089333664952354,0.9997696105865636,1
446,-0.3693648410115938,1.3555735383351193,-0.47454519624983954,0.7676298785983874,-0.255795253400548,1
447,-1.5661069258891576,-0.7376951317802901,-0.47454519624983954,-0.4736736092984604,-0.11384570873513637,1
448,0.8273772438659699,1.3555735383351193,1.340131927606843,0.7676298785983874,-0.26066180729354516,1
449,-1.5661069258891576,-0.7376951317802901,-0.47454519624983954,-0.4736736092984604,-0.034313694348132716,1
450,-0.3693648410115938,-0.7376951317802901,0.4327933656785018,2.0089333664952354,-0.08968408411123653,0
451,0.8273772438659699,-0.7376951317802901,0.4327933656785018,-0.4736736092984604,-0.2463983948905696,0
452,-1.5661069258891576,-0.7376951317802901,-0.47454519624983954,-0.4736736092984604,-0.08968408411123653,0
453,-1.5661069258891576,-0.7376951317802901,0.4327933656785018,-0.4736736092984604,1.145663540471827,1
454,0.8273772438659699,-0.7376951317802901,-0.47454519624983954,-0.4736736092984604,-0.4863374216869257,0
455,0.8273772438659699,-0.7376951317802901,-0.47454519624983954,-0.4736736092984604,-0.4894421904510968,1
456,-1.5661069258891576,-0.7376951317802901,-0.47454519624983954,-0.4736736092984604,-0.11384570873513637,0
457,-1.5661069258891576,1.3555735383351193,0.4327933656785018,-0.4736736092984604,0.395813560675251,1
458,-0.3693648410115938,1.3555735383351193,-0.47454519624983954,-0.4736736092984604,-0.43700743807979686,1
459,0.8273772438659699,-0.7376951317802901,-0.47454519624983954,-0.4736736092984604,-0.49237782784290063,0
460,-1.5661069258891576,-0.7376951317802901,-0.47454519624983954,-0.4736736092984604,-0.11384570873513637,1
461,0.8273772438659699,-0.7376951317802901,-0.47454519624983954,-0.4736736092984604,-0.4863374216869257,0
462,-1.5661069258891576,-0.7376951317802901,-0.47454519624983954,-0.4736736092984604,0.12676380314453292,0
463,-0.3693648410115938,-0.7376951317802901,-0.47454519624983954,-0.4736736092984604,-0.3866707201133388,0
464,0.8273772438659699,-0.7376951317802901,-0.47454519624983954,-0.4736736092984604,-0.4863374216869257,0
465,0.8273772438659699,-0.7376951317802901,-0.47454519624983954,-0.4736736092984604,-0.5064721088735089,0
466,-0.3693648410115938,-0.7376951317802901,-0.47454519624983954,-0.4736736092984604,-0.6484216535389205,0
467,-1.5661069258891576,-0.7376951317802901,-0.47454519624983954,-0.4736736092984604,-0.11384570873513637,0
468,0.8273772438659699,-0.7376951317802901,-0.47454519624983954,-0.4736736092984604,-0.4928811950225652,0
469,0.8273772438659699,1.3555735383351193,1.340131927606843,0.7676298785983874,-0.26066180729354516,1
470,0.8273772438659699,-0.7376951317802901,-0.47454519624983954,-0.4736736092984604,-0.5024451714361923,0
471,0.8273772438659699,-0.7376951317802901,-0.47454519624983954,-0.4736736092984604,-0.47400492578514347,0
472,-0.3693648410115938,1.3555735383351193,0.4327933656785018,2.0089333664952354,-0.08968408411123653,1
473,-0.3693648410115938,1.3555735383351193,-0.47454519624983954,-0.4736736092984604,-0.3707300882677209,1
474,0.8273772438659699,1.3555735383351193,-0.47454519624983954,-0.4736736092984604,-0.45034666834090825,0
475,-1.5661069258891576,-0.7376951317802901,-0.47454519624983954,-0.4736736092984604,0.39858208016340624,0
476,-0.3693648410115938,-0.7376951317802901,0.4327933656785018,-0.4736736092984604,-0.22559322262067316,0
477,0.8273772438659699,-0.7376951317802901,0.4327933656785018,-0.4736736092984604,-0.5065566745596926,0
478,0.8273772438659699,-0.7376951317802901,-0.47454519624983954,-0.4736736092984604,-0.4969926981460655,0
479,0.8273772438659699,1.3555735383351193,-0.47454519624983954,0.7676298785983874,-0.4010166847337793,1
480,0.8273772438659699,-0.7376951317802901,4.0621476133918675,2.0089333664952354,0.2958951755118318,0
481,-0.3693648410115938,-0.7376951317802901,-0.47454519624983954,-0.4736736092984604,-0.6484216535389205,0
482,0.8273772438659699,-0.7376951317802901,-0.47454519624983954,-0.4736736092984604,-0.4863374216869257,0
483,0.8273772438659699,1.3555735383351193,-0.47454519624983954,-0.4736736092984604,-0.455380340137554,1
484,-1.5661069258891576,-0.7376951317802901,0.4327933656785018,-0.4736736092984604,1.1854295476653287,1
485,0.8273772438659699,1.3555735383351193,2.2474704895351842,0.7676298785983874,-0.13565761536436197,0
486,-1.5661069258891576,1.3555735383351193,0.4327933656785018,-0.4736736092984604,1.163700193253568,1
487,-1.5661069258891576,-0.7376951317802901,-0.47454519624983954,-0.4736736092984604,-0.05042144409739929,0
488,0.8273772438659699,-0.7376951317802901,-0.47454519624983954,-0.4736736092984604,-0.4863374216869257,0
489,0.8273772438659699,-0.7376951317802901,0.4327933656785018,0.7676298785983874,-0.32828012727224753,1
490,0.8273772438659699,-0.7376951317802901,0.4327933656785018,-0.4736736092984604,-0.2463983948905696,0
491,0.8273772438659699,-0.7376951317802901,-0.47454519624983954,-0.4736736092984604,-0.5024451714361923,0
492,-1.5661069258891576,-0.7376951317802901,-0.47454519624983954,-0.4736736092984604,-0.034313694348132716,0
493,-1.5661069258891576,-0.7376951317802901,-0.47454519624983954,-0.4736736092984604,0.3483299278831318,0
494,0.8273772438659699,-0.7376951317802901,-0.47454519624983954,-0.4736736092984604,-0.4863374216869257,0
495,0.8273772438659699,-0.7376951317802901,-0.47454519624983954,-0.4736736092984604,-0.3573083057891445,0
496,-1.5661069258891576,1.3555735383351193,0.4327933656785018,-0.4736736092984604,0.9274538680872313,1
497,0.8273772438659699,-0.7376951317802901,-0.47454519624983954,-0.4736736092984604,-0.3443878770215141,0
498,-1.5661069258891576,1.3555735383351193,0.4327933656785018,2.0089333664952354,2.4029901895877646,0
499,0.8273772438659699,-0.7376951317802901,-0.47454519624983954,-0.4736736092984604,-0.49145565916975514,0
500,0.8273772438659699,-0.7376951317802901,-0.47454519624983954,-0.4736736092984604,-0.47400492578514347,0
501,0.8273772438659699,1.3555735383351193,-0.47454519624983954,-0.4736736092984604,-0.49237782784290063,0
502,0.8273772438659699,1.3555735383351193,-0.47454519624983954,-0.4736736092984604,-0.4948100980550399,0
503,0.8273772438659699,1.3555735383351193,-0.47454519624983954,-0.4736736092984604,-0.455380340137554,0
504,-1.5661069258891576,1.3555735383351193,-0.47454519624983954,-0.4736736092984604,1.093228788100527,1
505,-1.5661069258891576,-0.7376951317802901,0.4327933656785018,-0.4736736092984604,1.5442457810799908,0
506,-0.3693648410115938,1.3555735383351193,-0.47454519624983954,2.0089333664952354,-0.12491978668775715,1
507,-1.5661069258891576,-0.7376951317802901,-0.47454519624983954,-0.4736736092984604,-0.11384570873513637,1
508,0.8273772438659699,-0.7376951317802901,-0.47454519624983954,-0.4736736092984604,-0.1948878246611338,0
509,0.8273772438659699,-0.7376951317802901,-0.47454519624983954,-0.4736736092984604,0.48910360681684706,1
510,0.8273772438659699,-0.7376951317802901,-0.47454519624983954,-0.4736736092984604,-0.49237782784290063,1
511,0.8273772438659699,-0.7376951317802901,-0.47454519624983954,-0.4736736092984604,-0.4863374216869257,0
512,-1.5661069258891576,-0.7376951317802901,-0.47454519624983954,-0.4736736092984604,-0.11913106412161445,1
513,-1.5661069258891576,1.3555735383351193,0.4327933656785018,-0.4736736092984604,0.5475787653441219,1
514,0.8273772438659699,-0.7376951317802901,-0.47454519624983954,-0.4736736092984604,-0.4974960653257301,0
515,-1.5661069258891576,-0.7376951317802901,-0.47454519624983954,-0.4736736092984604,0.036576512298389464,0
516,-0.3693648410115938,1.3555735383351193,-0.47454519624983954,-0.4736736092984604,-0.43700743807979686,1
517,0.8273772438659699,-0.7376951317802901,-0.47454519624983954,-0.4736736092984604,-0.1621689579829361,0
518,-0.3693648410115938,1.3555735383351193,0.4327933656785018,-0.4736736092984604,-0.12491978668775715,1
519,0.8273772438659699,-0.7376951317802901,-0.47454519624983954,-0.4736736092984604,-0.4894421904510968,0
520,-1.5661069258891576,1.3555735383351193,-0.47454519624983954,-0.4736736092984604,1.2341715984066093,1
521,0.8273772438659699,-0.7376951317802901,-0.47454519624983954,-0.4736736092984604,-0.4894421904510968,0
522,0.8273772438659699,-0.7376951317802901,-0.47454519624983954,-0.4736736092984604,-0.5029485386158568,0
523,-1.5661069258891576,1.3555735383351193,-0.47454519624983954,0.7676298785983874,0.5189714017894245,1
524,0.8273772438659699,-0.7376951317802901,-0.47454519624983954,-0.4736736092984604,-0.5028639729296732,0
525,0.8273772438659699,-0.7376951317802901,-0.47454519624983954,-0.4736736092984604,-0.49237782784290063,0
526,-0.3693648410115938,1.3555735383351193,-0.47454519624983954,-0.4736736092984604,-0.43700743807979686,1
527,-1.5661069258891576,-0.7376951317802901,-0.47454519624983954,-0.4736736092984604,3.817033162951754,0
528,0.8273772438659699,-0.7376951317802901,-0.47454519624983954,-0.4736736092984604,-0.4888542575852486,0
529,-0.3693648410115938,-0.7376951317802901,1.340131927606843,0.7676298785983874,-0.41687275089321363,0
530,-0.3693648410115938,1.3555735383351193,0.4327933656785018,0.7676298785983874,-0.12491978668775715,1
531,0.8273772438659699,-0.7376951317802901,-0.47454519624983954,-0.4736736092984604,-0.5028639729296732,0
532,0.8273772438659699,-0.7376951317802901,0.4327933656785018,0.7676298785983874,-0.5028639729296732,0
533,0.8273772438659699,1.3555735383351193,-0.47454519624983954,2.0089333664952354,-0.19824427701513722,1
534,0.8273772438659699,1.3555735383351193,-0.47454519624983954,-0.4736736092984604,-0.47400492578514347,0
535,-0.3693648410115938,1.3555735383351193,-0.47454519624983954,2.0089333664952354,-0.11988611489111134,1
536,-1.5661069258891576,-0.7376951317802901,-0.47454519624983954,-0.4736736092984604,-0.11384570873513637,0
537,-1.5661069258891576,1.3555735383351193,-0.47454519624983954,-0.4736736092984604,1.4944124302931971,1
538,0.8273772438659699,-0.7376951317802901,-0.47454519624983954,-0.4736736092984604,-0.35646868933346404,0
539,-1.5661069258891576,1.3555735383351193,-0.47454519624983954,2.0089333664952354,0.3482453621969482,1
540,-1.5661069258891576,1.3555735383351193,-0.47454519624983954,2.0089333664952354,0.7811411367084872,1
541,0.8273772438659699,1.3555735383351193,3.1548090514635256,2.0089333664952354,-0.01870931177853076,0
542,0.8273772438659699,1.3555735383351193,3.1548090514635256,2.0089333664952354,-0.01870931177853076,0
543,-0.3693648410115938,-0.7376951317802901,0.4327933656785018,-0.4736736092984604,-0.12491978668775715,1
544,-1.5661069258891576,-0.7376951317802901,0.4327933656785018,-0.4736736092984604,1.4944124302931971,0
545,-1.5661069258891576,-0.7376951317802901,-0.47454519624983954,-0.4736736092984604,-0.12491978668775715,0
546,-0.3693648410115938,1.3555735383351193,0.4327933656785018,-0.4736736092984604,-0.12491978668775715,1
547,-0.3693648410115938,-0.7376951317802901,-0.47454519624983954,-0.4736736092984604,-0.3693045524149108,1
548,0.8273772438659699,-0.7376951317802901,0.4327933656785018,0.7676298785983874,-0.2351571990343002,0
549,-0.3693648410115938,-0.7376951317802901,0.4327933656785018,0.7676298785983874,0.09152810056801232,1
550,-1.5661069258891576,-0.7376951317802901,-0.47454519624983954,2.0089333664952354,1.5841789061771412,1
551,-0.3693648410115938,-0.7376951317802901,-0.47454519624983954,-0.4736736092984604,-0.12491978668775715,0
552,0.8273772438659699,-0.7376951317802901,-0.47454519624983954,-0.4736736092984604,-0.49078316061772326,0
553,0.8273772438659699,-0.7376951317802901,-0.47454519624983954,-0.4736736092984604,-0.5029485386158568,1
554,0.8273772438659699,1.3555735383351193,-0.47454519624983954,-0.4736736092984604,-0.4918744606632361,1
555,-1.5661069258891576,-0.7376951317802901,-0.47454519624983954,-0.4736736092984604,-0.11384570873513637,0
556,-1.5661069258891576,1.3555735383351193,0.4327933656785018,-0.4736736092984604,0.1489119590497745,1
557,-1.5661069258891576,-0.7376951317802901,-0.47454519624983954,-0.4736736092984604,3.9327230485884233,0
558,-1.5661069258891576,1.3555735383351193,0.4327933656785018,0.7676298785983874,0.955306180872432,1
559,0.8273772438659699,1.3555735383351193,0.4327933656785018,-0.4736736092984604,-0.29807809649237277,1
560,0.8273772438659699,-0.7376951317802901,-0.47454519624983954,-0.4736736092984604,-0.49237782784290063,0
561,0.8273772438659699,-0.7376951317802901,-0.47454519624983954,-0.4736736092984604,-0.4894421904510968,0
562,-0.3693648410115938,-0.7376951317802901,-0.47454519624983954,-0.4736736092984604,-0.3766033765200472,0
563,0.8273772438659699,-0.7376951317802901,-0.47454519624983954,-0.4736736092984604,-0.4863374216869257,0
564,0.8273772438659699,1.3555735383351193,-0.47454519624983954,-0.4736736092984604,-0.4863374216869257,0
565,0.8273772438659699,-0.7376951317802901,1.340131927606843,-0.4736736092984604,-0.1621689579829361,0
566,0.8273772438659699,-0.7376951317802901,-0.47454519624983954,-0.4736736092984604,-0.4894421904510968,0
567,0.8273772438659699,1.3555735383351193,-0.47454519624983954,4.491540342288931,-0.22408312108167944,0
568,0.8273772438659699,-0.7376951317802901,-0.47454519624983954,-0.4736736092984604,-0.5028639729296732,0
569,0.8273772438659699,-0.7376951317802901,-0.47454519624983954,-0.4736736092984604,-0.4902797934380587,1
570,-0.3693648410115938,-0.7376951317802901,-0.47454519624983954,-0.4736736092984604,-0.43700743807979686,1
571,-1.5661069258891576,1.3555735383351193,1.340131927606843,-0.4736736092984604,0.38809593507663365,1
572,-1.5661069258891576,-0.7376951317802901,-0.47454519624983954,-0.4736736092984604,-0.11711759540295616,1
573,0.8273772438659699,1.3555735383351193,-0.47454519624983954,-0.4736736092984604,-0.49237782784290063,1
574,0.8273772438659699,-0.7376951317802901,-0.47454519624983954,-0.4736736092984604,-0.4863374216869257,0
575,0.8273772438659699,-0.7376951317802901,-0.47454519624983954,-0.4736736092984604,-0.35646868933346404,0
576,-0.3693648410115938,1.3555735383351193,-0.47454519624983954,-0.4736736092984604,-0.3866707201133388,1
577,-1.5661069258891576,1.3555735383351193,0.4327933656785018,-0.4736736092984604,0.4771073601910807,1
578,0.8273772438659699,1.3555735383351193,0.4327933656785018,-0.4736736092984604,-0.3573083057891445,0
579,0.8273772438659699,-0.7376951317802901,-0.47454519624983954,-0.4736736092984604,-0.4888542575852486,1
580,-0.3693648410115938,1.3555735383351193,0.4327933656785018,0.7676298785983874,-0.04438103794142432,1
581,-1.5661069258891576,1.3555735383351193,0.4327933656785018,0.7676298785983874,1.5841789061771412,1
582,-0.3693648410115938,-0.7376951317802901,-0.47454519624983954,-0.4736736092984604,-0.12491978668775715,0
583,-1.5661069258891576,-0.7376951317802901,-0.47454519624983954,-0.4736736092984604,0.15948266982273065,0
584,0.8273772438659699,-0.7376951317802901,-0.47454519624983954,-0.4736736092984604,-0.47299819142581434,0
585,-1.5661069258891576,1.3555735383351193,-0.47454519624983954,2.0089333664952354,0.955306180872432,1
586,-0.3693648410115938,-0.7376951317802901,-0.47454519624983954,-0.4736736092984604,-0.3464013457401724,0
587,-1.5661069258891576,-0.7376951317802901,0.4327933656785018,0.7676298785983874,0.9462455716384695,1
588,0.8273772438659699,-0.7376951317802901,-0.47454519624983954,-0.4736736092984604,-0.4863374216869257,0
589,0.8273772438659699,-0.7376951317802901,-0.47454519624983954,-0.4736736092984604,-0.4863374216869257,0
590,0.8273772438659699,-0.7376951317802901,-0.47454519624983954,-0.4736736092984604,-0.5049620073345151,0
591,-1.5661069258891576,1.3555735383351193,0.4327933656785018,-0.4736736092984604,0.9274538680872313,1
592,0.8273772438659699,-0.7376951317802901,-0.47454519624983954,-0.4736736092984604,-0.5024451714361923,0
593,0.8273772438659699,1.3555735383351193,-0.47454519624983954,2.0089333664952354,-0.49237782784290063,0
594,-0.3693648410115938,-0.7376951317802901,0.4327933656785018,-0.4736736092984604,-0.12491978668775715,0
595,0.8273772438659699,-0.7376951317802901,0.4327933656785018,0.7676298785983874,-0.1621689579829361,0
596,-0.3693648410115938,1.3555735383351193,-0.47454519624983954,-0.4736736092984604,0.016023023618325298,1
597,0.8273772438659699,-0.7376951317802901,-0.47454519624983954,-0.4736736092984604,-0.6484216535389205,0
598,0.8273772438659699,-0.7376951317802901,-0.47454519624983954,-0.4736736092984604,-0.5029485386158568,0
599,-1.5661069258891576,-0.7376951317802901,0.4327933656785018,-0.4736736092984604,0.49782998024351216,1
600,-0.3693648410115938,1.3555735383351193,1.340131927606843,0.7676298785983874,-0.10478509950117394,1
601,0.8273772438659699,-0.7376951317802901,-0.47454519624983954,-0.4736736092984604,-0.4894421904510968,0
602,-1.5661069258891576,-0.7376951317802901,-0.47454519624983954,-0.4736736092984604,0.2052890831722074,0
603,0.8273772438659699,-0.7376951317802901,-0.47454519624983954,-0.4736736092984604,-0.4863374216869257,0
604,-1.5661069258891576,-0.7376951317802901,-0.47454519624983954,-0.4736736092984604,-0.11384570873513637,1
605,0.8273772438659699,-0.7376951317802901,0.4327933656785018,-0.4736736092984604,-0.3353272677875516,0
606,0.8273772438659699,-0.7376951317802901,-0.47454519624983954,-0.4736736092984604,-0.4894421904510968,0
607,-1.5661069258891576,-0.7376951317802901,-0.47454519624983954,-0.4736736092984604,-0.034313694348132716,1
608,-0.3693648410115938,1.3555735383351193,0.4327933656785018,2.0089333664952354,0.18876253192945994,1
609,-1.5661069258891576,1.3555735383351193,-0.47454519624983954,-0.4736736092984604,2.441497778832105,1
610,0.8273772438659699,1.3555735383351193,0.4327933656785018,5.73284383018578,-0.01870931177853076,0
611,0.8273772438659699,-0.7376951317802901,-0.47454519624983954,-0.4736736092984604,-0.5064721088735089,0
612,0.8273772438659699,1.3555735383351193,0.4327933656785018,-0.4736736092984604,-0.3363340021468808,1
613,0.8273772438659699,-0.7376951317802901,-0.47454519624983954,-0.4736736092984604,-0.49237782784290063,0
614,0.8273772438659699,-0.7376951317802901,-0.47454519624983954,-0.4736736092984604,-0.4863374216869257,0
615,-0.3693648410115938,1.3555735383351193,0.4327933656785018,2.0089333664952354,0.6603330135889879,1
616,0.8273772438659699,-0.7376951317802901,0.4327933656785018,0.7676298785983874,-0.35848215805212236,0
617,0.8273772438659699,1.3555735383351193,0.4327933656785018,-0.4736736092984604,-0.32425318983493084,0
618,-0.3693648410115938,1.3555735383351193,1.340131927606843,0.7676298785983874,0.13683114673782454,1
619,-0.3693648410115938,-0.7376951317802901,-0.47454519624983954,-0.4736736092984604,-0.43700743807979686,0
620,0.8273772438659699,-0.7376951317802901,0.4327933656785018,-0.4736736092984604,-0.3573908580066095,0
621,-1.5661069258891576,-0.7376951317802901,0.4327933656785018,-0.4736736092984604,0.40974072380221066,1
622,0.8273772438659699,-0.7376951317802901,0.4327933656785018,0.7676298785983874,-0.33146744825388363,1
623,0.8273772438659699,-0.7376951317802901,-0.47454519624983954,-0.4736736092984604,-0.4902797934380587,0
624,0.8273772438659699,-0.7376951317802901,-0.47454519624983954,-0.4736736092984604,-0.32425318983493084,0
625,-1.5661069258891576,-0.7376951317802901,-0.47454519624983954,-0.4736736092984604,0.002347544081197954,0
626,-0.3693648410115938,-0.7376951317802901,-0.47454519624983954,-0.4736736092984604,-0.3997582667846179,0
627,-1.5661069258891576,1.3555735383351193,-0.47454519624983954,-0.4736736092984604,0.921244330558889,1
628,0.8273772438659699,-0.7376951317802901,-0.47454519624983954,-0.4736736092984604,-0.4894421904510968,0
629,0.8273772438659699,-0.7376951317802901,-0.47454519624983954,-0.4736736092984604,-0.49271407711891657,0
630,-1.5661069258891576,-0.7376951317802901,-0.47454519624983954,-0.4736736092984604,-0.04438103794142432,1
631,0.8273772438659699,-0.7376951317802901,-0.47454519624983954,-0.4736736092984604,-0.5063875431873253,0
632,-1.5661069258891576,-0.7376951317802901,-0.47454519624983954,-0.4736736092984604,-0.034313694348132716,1
633,-1.5661069258891576,-0.7376951317802901,-0.47454519624983954,-0.4736736092984604,-0.6484216535389205,0
634,0.8273772438659699,1.3555735383351193,2.2474704895351842,2.0089333664952354,-0.08666388103324908,0
635,-0.3693648410115938,1.3555735383351193,-0.47454519624983954,-0.4736736092984604,-0.3866707201133388,1
636,0.8273772438659699,-0.7376951317802901,-0.47454519624983954,-0.4736736092984604,-0.4888542575852486,0
637,-0.3693648410115938,-0.7376951317802901,0.4327933656785018,0.7676298785983874,-0.11988611489111134,0
638,0.8273772438659699,1.3555735383351193,-0.47454519624983954,5.73284383018578,0.1506737441786005,0
639,0.8273772438659699,-0.7376951317802901,0.4327933656785018,-0.4736736092984604,-0.32425318983493084,0
640,0.8273772438659699,-0.7376951317802901,-0.47454519624983954,-0.4736736092984604,-0.4902797934380587,0
641,-1.5661069258891576,1.3555735383351193,-0.47454519624983954,-0.4736736092984604,0.7469121684912956,1
642,0.8273772438659699,1.3555735383351193,2.2474704895351842,2.0089333664952354,-0.08666388103324908,0
643,0.8273772438659699,-0.7376951317802901,-0.47454519624983954,-0.4736736092984604,0.48910360681684706,1
644,0.8273772438659699,1.3555735383351193,1.340131927606843,0.7676298785983874,-0.26066180729354516,1
645,-1.5661069258891576,-0.7376951317802901,0.4327933656785018,-0.4736736092984604,0.8964967865378598,1
646,0.8273772438659699,-0.7376951317802901,-0.47454519624983954,-0.4736736092984604,-0.4894421904510968,0
647,-1.5661069258891576,-0.7376951317802901,-0.47454519624983954,-0.4736736092984604,0.06635974158478332,1
648,0.8273772438659699,-0.7376951317802901,-0.47454519624983954,-0.4736736092984604,-0.49640476528021726,0
649,0.8273772438659699,1.3555735383351193,-0.47454519624983954,-0.4736736092984604,-0.49640476528021726,1
650,0.8273772438659699,-0.7376951317802901,-0.47454519624983954,-0.4736736092984604,-0.4894421904510968,0
651,-0.3693648410115938,1.3555735383351193,-0.47454519624983954,0.7676298785983874,-0.18532384824750675,1
652,0.8273772438659699,-0.7376951317802901,-0.47454519624983954,-0.4736736092984604,-0.47861979608830835,0
653,0.8273772438659699,1.3555735383351193,-0.47454519624983954,-0.4736736092984604,-0.49078316061772326,1
654,0.8273772438659699,1.3555735383351193,-0.47454519624983954,-0.4736736092984604,-0.5125125150294839,0
655,-0.3693648410115938,-0.7376951317802901,1.340131927606843,-0.4736736092984604,0.8314778546749452,0
656,0.8273772438659699,-0.7376951317802901,-0.47454519624983954,-0.4736736092984604,-0.4894421904510968,0
657,0.8273772438659699,1.3555735383351193,0.4327933656785018,0.7676298785983874,-0.3363340021468808,0
658,-0.3693648410115938,-0.7376951317802901,-0.47454519624983954,-0.4736736092984604,-0.3866707201133388,0
659,-1.5661069258891576,-0.7376951317802901,-0.47454519624983954,2.0089333664952354,1.6323350375212924,0
660,-1.5661069258891576,-0.7376951317802901,1.340131927606843,-0.4736736092984604,2.042579288947925,1
661,0.8273772438659699,-0.7376951317802901,-0.47454519624983954,-0.4736736092984604,-0.5029485386158568,0
662,-1.5661069258891576,-0.7376951317802901,-0.47454519624983954,-0.4736736092984604,-0.13322534515222276,0
663,0.8273772438659699,-0.7376951317802901,-0.47454519624983954,-0.4736736092984604,-0.4974960653257301,0
664,0.8273772438659699,-0.7376951317802901,0.4327933656785018,-0.4736736092984604,-0.4888542575852486,1
665,-0.3693648410115938,-0.7376951317802901,1.340131927606843,-0.4736736092984604,0.8314778546749452,0
666,-0.3693648410115938,-0.7376951317802901,-0.47454519624983954,-0.4736736092984604,-0.3866707201133388,0
667,0.8273772438659699,-0.7376951317802901,-0.47454519624983954,-0.4736736092984604,-0.4918744606632361,0
668,0.8273772438659699,-0.7376951317802901,-0.47454519624983954,-0.4736736092984604,-0.4863374216869257,0
669,-1.5661069258891576,1.3555735383351193,0.4327933656785018,-0.4736736092984604,0.39858208016340624,1
670,-0.3693648410115938,1.3555735383351193,0.4327933656785018,0.7676298785983874,0.13683114673782454,1
671,-1.5661069258891576,-0.7376951317802901,0.4327933656785018,-0.4736736092984604,0.39858208016340624,0
672,-0.3693648410115938,-0.7376951317802901,-0.47454519624983954,-0.4736736092984604,-0.43700743807979686,0
673,-0.3693648410115938,-0.7376951317802901,-0.47454519624983954,-0.4736736092984604,-0.3866707201133388,1
674,-0.3693648410115938,-0.7376951317802901,-0.47454519624983954,-0.4736736092984604,-0.6484216535389205,0
675,0.8273772438659699,-0.7376951317802901,-0.47454519624983954,-0.4736736092984604,-0.4918744606632361,0
676,0.8273772438659699,-0.7376951317802901,-0.47454519624983954,-0.4736736092984604,-0.4863374216869257,0
677,0.8273772438659699,1.3555735383351193,-0.47454519624983954,-0.4736736092984604,-0.45026210265472455,1
678,0.8273772438659699,1.3555735383351193,0.4327933656785018,6.974147318082627,0.2958951755118318,0
679,-1.5661069258891576,-0.7376951317802901,-0.47454519624983954,0.7676298785983874,9.667166525013505,1
680,0.8273772438659699,1.3555735383351193,-0.47454519624983954,-0.4736736092984604,-0.48457563655809965,0
681,-1.5661069258891576,-0.7376951317802901,-0.47454519624983954,-0.4736736092984604,0.8964967865378598,1
682,0.8273772438659699,-0.7376951317802901,-0.47454519624983954,-0.4736736092984604,-0.4626791642426904,0
683,0.8273772438659699,-0.7376951317802901,4.0621476133918675,2.0089333664952354,0.2958951755118318,0
684,-0.3693648410115938,-0.7376951317802901,0.4327933656785018,0.7676298785983874,0.13683114673782454,0
685,-0.3693648410115938,-0.7376951317802901,0.4327933656785018,2.0089333664952354,0.18876253192945994,0
686,0.8273772438659699,-0.7376951317802901,3.1548090514635256,0.7676298785983874,0.1506737441786005,0
687,0.8273772438659699,-0.7376951317802901,-0.47454519624983954,-0.4736736092984604,-0.44363577710162005,0
688,0.8273772438659699,-0.7376951317802901,-0.47454519624983954,-0.4736736092984604,-0.49145565916975514,0
689,-1.5661069258891576,1.3555735383351193,-0.47454519624983954,0.7676298785983874,3.6067927997556075,1
690,-1.5661069258891576,-0.7376951317802901,0.4327933656785018,-0.4736736092984604,0.49925551609632224,1
691,0.8273772438659699,1.3555735383351193,-0.47454519624983954,0.7676298785983874,-0.37828059596268965,1
692,0.8273772438659699,-0.7376951317802901,-0.47454519624983954,-0.4736736092984604,0.48910360681684706,1
693,0.8273772438659699,-0.7376951317802901,-0.47454519624983954,-0.4736736092984604,-0.5029485386158568,0
694,-1.5661069258891576,-0.7376951317802901,-0.47454519624983954,-0.4736736092984604,-0.11384570873513637,0
695,-0.3693648410115938,-0.7376951317802901,-0.47454519624983954,-0.4736736092984604,-0.3766033765200472,0
696,0.8273772438659699,-0.7376951317802901,-0.47454519624983954,-0.4736736092984604,-0.4863374216869257,0
697,0.8273772438659699,1.3555735383351193,-0.47454519624983954,-0.4736736092984604,-0.49271407711891657,1
698,-1.5661069258891576,-0.7376951317802901,0.4327933656785018,0.7676298785983874,1.5841789061771412,0
699,0.8273772438659699,-0.7376951317802901,-0.47454519624983954,-0.4736736092984604,-0.494391296561559,0
700,-1.5661069258891576,1.3555735383351193,0.4327933656785018,-0.4736736092984604,3.9327230485884233,1
701,-1.5661069258891576,-0.7376951317802901,-0.47454519624983954,-0.4736736092984604,-0.11913106412161445,1
702,0.8273772438659699,1.3555735383351193,-0.47454519624983954,0.7676298785983874,-0.3573908580066095,0
703,0.8273772438659699,-0.7376951317802901,-0.47454519624983954,-0.4736736092984604,-0.4925449457465493,0
704,0.8273772438659699,-0.7376951317802901,0.4327933656785018,-0.4736736092984604,-0.4902797934380587,0
705,-0.3693648410115938,-0.7376951317802901,-0.47454519624983954,-0.4736736092984604,-0.12491978668775715,0
706,-0.3693648410115938,1.3555735383351193,-0.47454519624983954,-0.4736736092984604,-0.3766033765200472,1
707,-1.5661069258891576,-0.7376951317802901,-0.47454519624983954,-0.4736736092984604,-0.11913106412161445,1
708,-1.5661069258891576,1.3555735383351193,-0.47454519624983954,-0.4736736092984604,2.4029901895877646,1
709,0.8273772438659699,-0.7376951317802901,0.4327933656785018,0.7676298785983874,-0.3414522396297103,1
710,-1.5661069258891576,1.3555735383351193,-0.47454519624983954,-0.4736736092984604,0.3483299278831318,1
711,-1.5661069258891576,-0.7376951317802901,-0.47454519624983954,-0.4736736092984604,-0.11384570873513637,0
712,-1.5661069258891576,-0.7376951317802901,0.4327933656785018,-0.4736736092984604,0.39858208016340624,1
713,0.8273772438659699,-0.7376951317802901,-0.47454519624983954,-0.4736736092984604,-0.457478374542396,0
714,-0.3693648410115938,-0.7376951317802901,-0.47454519624983954,-0.4736736092984604,-0.3866707201133388,0
715,0.8273772438659699,-0.7376951317802901,-0.47454519624983954,-0.4736736092984604,-0.494391296561559,0
716,-1.5661069258891576,1.3555735383351193,-0.47454519624983954,-0.4736736092984604,3.9327230485884233,1
717,-0.3693648410115938,1.3555735383351193,-0.47454519624983954,-0.4736736092984604,-0.43700743807979686,1
718,0.8273772438659699,-0.7376951317802901,-0.47454519624983954,-0.4736736092984604,-0.3363340021468808,0
719,0.8273772438659699,-0.7376951317802901,-0.47454519624983954,-0.4736736092984604,-0.4918744606632361,0
720,-0.3693648410115938,1.3555735383351193,-0.47454519624983954,0.7676298785983874,0.016023023618325298,1
721,0.8273772438659699,-0.7376951317802901,0.4327933656785018,-0.4736736092984604,-0.5063875431873253,0
722,-0.3693648410115938,-0.7376951317802901,-0.47454519624983954,-0.4736736092984604,-0.3866707201133388,0
723,-0.3693648410115938,-0.7376951317802901,-0.47454519624983954,-0.4736736092984604,-0.3866707201133388,0
724,-1.5661069258891576,-0.7376951317802901,0.4327933656785018,-0.4736736092984604,0.4207302360686478,1
725,0.8273772438659699,-0.7376951317802901,-0.47454519624983954,-0.4736736092984604,-0.47400492578514347,0
726,-0.3693648410115938,1.3555735383351193,2.2474704895351842,-0.4736736092984604,-0.22559322262067316,1
727,0.8273772438659699,1.3555735383351193,-0.47454519624983954,-0.4736736092984604,-0.4926295114327329,1
728,-0.3693648410115938,-0.7376951317802901,0.4327933656785018,-0.4736736092984604,-0.12491978668775715,0
729,0.8273772438659699,1.3555735383351193,0.4327933656785018,-0.4736736092984604,-0.4888542575852486,0
730,-1.5661069258891576,1.3555735383351193,-0.47454519624983954,-0.4736736092984604,3.6067927997556075,1
731,0.8273772438659699,-0.7376951317802901,-0.47454519624983954,-0.4736736092984604,-0.2701412180209885,0
732,-0.3693648410115938,-0.7376951317802901,-0.47454519624983954,-0.4736736092984604,-0.6484216535389205,0
733,-0.3693648410115938,-0.7376951317802901,-0.47454519624983954,-0.4736736092984604,-0.3866707201133388,0
734,-0.3693648410115938,-0.7376951317802901,-0.47454519624983954,-0.4736736092984604,-0.3866707201133388,0
735,0.8273772438659699,-0.7376951317802901,-0.47454519624983954,-0.4736736092984604,-0.32425318983493084,0
736,0.8273772438659699,1.3555735383351193,0.4327933656785018,3.250236854392083,0.04370821849987721,0
737,-1.5661069258891576,-0.7376951317802901,-0.47454519624983954,-0.4736736092984604,9.667166525013505,1
738,0.8273772438659699,-0.7376951317802901,-0.47454519624983954,-0.4736736092984604,-0.4894421904510968,0
739,0.8273772438659699,-0.7376951317802901,-0.47454519624983954,-0.4736736092984604,-0.4894421904510968,0
740,-1.5661069258891576,-0.7376951317802901,-0.47454519624983954,-0.4736736092984604,-0.04438103794142432,1
741,-1.5661069258891576,-0.7376951317802901,0.4327933656785018,-0.4736736092984604,0.9391984311231651,0
742,-1.5661069258891576,1.3555735383351193,1.340131927606843,2.0089333664952354,4.634416897040849,1
743,0.8273772438659699,-0.7376951317802901,0.4327933656785018,-0.4736736092984604,-0.32425318983493084,0
744,0.8273772438659699,-0.7376951317802901,-0.47454519624983954,-0.4736736092984604,-0.4888542575852486,1
745,-1.5661069258891576,-0.7376951317802901,0.4327933656785018,0.7676298785983874,0.7811411367084872,0
746,0.8273772438659699,-0.7376951317802901,0.4327933656785018,0.7676298785983874,-0.24069423801061057,0
747,-0.3693648410115938,1.3555735383351193,-0.47454519624983954,-0.4736736092984604,-0.3866707201133388,1
748,-1.5661069258891576,-0.7376951317802901,0.4327933656785018,-0.4736736092984604,0.4207302360686478,0
749,0.8273772438659699,-0.7376951317802901,-0.47454519624983954,-0.4736736092984604,-0.49237782784290063,0
750,-0.3693648410115938,1.3555735383351193,0.4327933656785018,0.7676298785983874,-0.18532384824750675,1
751,0.8273772438659699,-0.7376951317802901,-0.47454519624983954,0.7676298785983874,-0.397241430886295,1
752,0.8273772438659699,-0.7376951317802901,-0.47454519624983954,-0.4736736092984604,-0.45714212526638004,0
753,0.8273772438659699,-0.7376951317802901,-0.47454519624983954,-0.4736736092984604,-0.4894421904510968,0
754,-0.3693648410115938,1.3555735383351193,0.4327933656785018,2.0089333664952354,0.6603330135889879,1
755,-0.3693648410115938,-0.7376951317802901,0.4327933656785018,0.7676298785983874,-0.35646868933346404,1
756,0.8273772438659699,-0.7376951317802901,-0.47454519624983954,-0.4736736092984604,-0.49145565916975514,0
757,-0.3693648410115938,-0.7376951317802901,-0.47454519624983954,-0.4736736092984604,-0.41687275089321363,0
758,0.8273772438659699,-0.7376951317802901,-0.47454519624983954,-0.4736736092984604,-0.4863374216869257,0
759,-1.5661069258891576,1.3555735383351193,-0.47454519624983954,-0.4736736092984604,1.093228788100527,1
760,0.8273772438659699,-0.7376951317802901,-0.47454519624983954,-0.4736736092984604,-0.35646868933346404,0
761,0.8273772438659699,-0.7376951317802901,-0.47454519624983954,-0.4736736092984604,-0.5049620073345151,0
762,0.8273772438659699,-0.7376951317802901,-0.47454519624983954,-0.4736736092984604,-0.5028639729296732,1
763,-1.5661069258891576,1.3555735383351193,0.4327933656785018,2.0089333664952354,1.7677408088510642,1
764,0.8273772438659699,-0.7376951317802901,-0.47454519624983954,-0.4736736092984604,-0.4918744606632361,0
765,-1.5661069258891576,1.3555735383351193,0.4327933656785018,-0.4736736092984604,0.921244330558889,1
766,-1.5661069258891576,-0.7376951317802901,-0.47454519624983954,-0.4736736092984604,0.1489119590497745,0
767,0.8273772438659699,1.3555735383351193,-0.47454519624983954,-0.4736736092984604,-0.49237782784290063,0
768,0.8273772438659699,-0.7376951317802901,0.4327933656785018,-0.4736736092984604,-0.1621689579829361,0
769,0.8273772438659699,-0.7376951317802901,-0.47454519624983954,-0.4736736092984604,-0.4800453319411184,0
770,0.8273772438659699,-0.7376951317802901,-0.47454519624983954,-0.4736736092984604,-0.45714212526638004,0
771,0.8273772438659699,-0.7376951317802901,-0.47454519624983954,-0.4736736092984604,-0.4902797934380587,0
772,-0.3693648410115938,1.3555735383351193,-0.47454519624983954,-0.4736736092984604,-0.43700743807979686,0
773,0.8273772438659699,-0.7376951317802901,-0.47454519624983954,-0.4736736092984604,-0.5029485386158568,0
774,-0.3693648410115938,1.3555735383351193,0.4327933656785018,3.250236854392083,-0.18532384824750675,1
775,0.8273772438659699,-0.7376951317802901,-0.47454519624983954,-0.4736736092984604,-0.49237782784290063,0
776,0.8273772438659699,-0.7376951317802901,-0.47454519624983954,-0.4736736092984604,-0.49237782784290063,0
777,0.8273772438659699,1.3555735383351193,-0.47454519624983954,-0.4736736092984604,-0.397241430886295,1
778,0.8273772438659699,-0.7376951317802901,-0.47454519624983954,-0.4736736092984604,-0.4926295114327329,0
779,-1.5661069258891576,1.3555735383351193,-0.47454519624983954,0.7676298785983874,3.6067927997556075,1
780,0.8273772438659699,1.3555735383351193,-0.47454519624983954,-0.4736736092984604,-0.5028639729296732,1
781,-1.5661069258891576,1.3555735383351193,0.4327933656785018,-0.4736736092984604,0.49925551609632224,1
782,-1.5661069258891576,-0.7376951317802901,-0.47454519624983954,-0.4736736092984604,-0.04438103794142432,0
783,0.8273772438659699,-0.7376951317802901,0.4327933656785018,2.0089333664952354,-0.17626323901354432,0
784,0.8273772438659699,-0.7376951317802901,-0.47454519624983954,-0.4736736092984604,-0.5064721088735089,0
785,0.8273772438659699,-0.7376951317802901,-0.47454519624983954,-0.4736736092984604,-0.5024451714361923,0
786,0.8273772438659699,1.3555735383351193,-0.47454519624983954,-0.4736736092984604,-0.4974960653257301,1
787,0.8273772438659699,-0.7376951317802901,3.1548090514635256,0.7676298785983874,-0.06199888922968463,0
788,0.8273772438659699,-0.7376951317802901,0.4327933656785018,2.0089333664952354,-0.23415046467497105,1
789,-1.5661069258891576,-0.7376951317802901,-0.47454519624983954,-0.4736736092984604,0.9462455716384695,0
790,0.8273772438659699,-0.7376951317802901,-0.47454519624983954,-0.4736736092984604,-0.49237782784290063,0
791,-0.3693648410115938,-0.7376951317802901,-0.47454519624983954,-0.4736736092984604,-0.12491978668775715,0
792,0.8273772438659699,1.3555735383351193,6.784163299176891,2.0089333664952354,0.7519458402879414,0
793,-1.5661069258891576,-0.7376951317802901,-0.47454519624983954,-0.4736736092984604,-0.030371322596999754,0
794,0.8273772438659699,-0.7376951317802901,-0.47454519624983954,-0.4736736092984604,-0.4894421904510968,0
795,-0.3693648410115938,-0.7376951317802901,-0.47454519624983954,-0.4736736092984604,-0.3866707201133388,0
796,-1.5661069258891576,1.3555735383351193,-0.47454519624983954,-0.4736736092984604,-0.1263453225405672,1
797,0.8273772438659699,1.3555735383351193,-0.47454519624983954,-0.4736736092984604,-0.4735861242916626,1
798,0.8273772438659699,-0.7376951317802901,-0.47454519624983954,-0.4736736092984604,-0.5028639729296732,0
799,0.8273772438659699,1.3555735383351193,0.4327933656785018,0.7676298785983874,-0.1621689579829361,0
800,-0.3693648410115938,-0.7376951317802901,-0.47454519624983954,-0.4736736092984604,-0.3866707201133388,0
801,-0.3693648410115938,1.3555735383351193,0.4327933656785018,0.7676298785983874,-0.11988611489111134,1
802,-1.5661069258891576,-0.7376951317802901,0.4327933656785018,2.0089333664952354,1.7677408088510642,1
803,0.8273772438659699,-0.7376951317802901,-0.47454519624983954,0.7676298785983874,-0.47694056317694733,1
804,0.8273772438659699,-0.7376951317802901,-0.47454519624983954,-0.4736736092984604,-0.5079822104125026,1
805,0.8273772438659699,-0.7376951317802901,-0.47454519624983954,-0.4736736092984604,-0.4918744606632361,0
806,-1.5661069258891576,-0.7376951317802901,-0.47454519624983954,-0.4736736092984604,-0.6484216535389205,0
807,0.8273772438659699,1.3555735383351193,-0.47454519624983954,-0.4736736092984604,-0.4918744606632361,0
808,-0.3693648410115938,-0.7376951317802901,-0.47454519624983954,-0.4736736092984604,-0.3866707201133388,0
809,-1.5661069258891576,1.3555735383351193,0.4327933656785018,-0.4736736092984604,0.4207302360686478,1
810,0.8273772438659699,-0.7376951317802901,-0.47454519624983954,-0.4736736092984604,-0.4896093083547455,0
811,0.8273772438659699,-0.7376951317802901,-0.47454519624983954,-0.4736736092984604,-0.1621689579829361,0
812,-0.3693648410115938,-0.7376951317802901,-0.47454519624983954,-0.4736736092984604,-0.43700743807979686,0
813,0.8273772438659699,1.3555735383351193,3.1548090514635256,2.0089333664952354,-0.01870931177853076,0
814,0.8273772438659699,-0.7376951317802901,-0.47454519624983954,-0.4736736092984604,-0.4863374216869257,0
815,-1.5661069258891576,-0.7376951317802901,-0.47454519624983954,-0.4736736092984604,-0.6484216535389205,0
816,0.8273772438659699,1.3555735383351193,-0.47454519624983954,-0.4736736092984604,-0.4888542575852486,0
817,-0.3693648410115938,-0.7376951317802901,0.4327933656785018,0.7676298785983874,0.09664633805084172,0
818,0.8273772438659699,-0.7376951317802901,-0.47454519624983954,-0.4736736092984604,-0.5185529211854588,0
819,0.8273772438659699,-0.7376951317802901,2.2474704895351842,2.0089333664952354,-0.08666388103324908,0
820,-1.5661069258891576,1.3555735383351193,0.4327933656785018,0.7676298785983874,1.2341715984066093,1
821,0.8273772438659699,-0.7376951317802901,-0.47454519624983954,-0.4736736092984604,-0.47400492578514347,1
822,-1.5661069258891576,-0.7376951317802901,-0.47454519624983954,-0.4736736092984604,-0.6484216535389205,0
823,0.8273772438659699,1.3555735383351193,-0.47454519624983954,0.7676298785983874,-0.397241430886295,1
824,0.8273772438659699,-0.7376951317802901,3.1548090514635256,0.7676298785983874,0.1506737441786005,0
825,0.8273772438659699,-0.7376951317802901,-0.47454519624983954,-0.4736736092984604,-0.5084855775921673,0
826,0.8273772438659699,-0.7376951317802901,-0.47454519624983954,-0.4736736092984604,0.48910360681684706,0
827,-0.3693648410115938,-0.7376951317802901,-0.47454519624983954,2.0089333664952354,0.09664633805084172,1
828,0.8273772438659699,-0.7376951317802901,-0.47454519624983954,-0.4736736092984604,-0.49237782784290063,1
829,-1.5661069258891576,1.3555735383351193,-0.47454519624983954,-0.4736736092984604,0.962353321387736,1
830,0.8273772438659699,1.3555735383351193,0.4327933656785018,-0.4736736092984604,-0.3573908580066095,1
831,-0.3693648410115938,-0.7376951317802901,0.4327933656785018,0.7676298785983874,-0.2708962687904854,1
832,0.8273772438659699,-0.7376951317802901,-0.47454519624983954,-0.4736736092984604,-0.5028639729296732,0
833,0.8273772438659699,-0.7376951317802901,-0.47454519624983954,-0.4736736092984604,-0.4902797934380587,0
834,0.8273772438659699,-0.7376951317802901,-0.47454519624983954,-0.4736736092984604,-0.48130374989027985,0
835,-1.5661069258891576,1.3555735383351193,0.4327933656785018,0.7676298785983874,1.0259447039291216,1
836,0.8273772438659699,-0.7376951317802901,-0.47454519624983954,-0.4736736092984604,-0.47400492578514347,0
837,0.8273772438659699,-0.7376951317802901,-0.47454519624983954,-0.4736736092984604,-0.4863374216869257,0
838,0.8273772438659699,-0.7376951317802901,-0.47454519624983954,-0.4736736092984604,0.48910360681684706,1
839,-1.5661069258891576,-0.7376951317802901,-0.47454519624983954,-0.4736736092984604,-0.05042144409739929,1
840,0.8273772438659699,-0.7376951317802901,-0.47454519624983954,-0.4736736092984604,-0.4888542575852486,0
841,-0.3693648410115938,-0.7376951317802901,-0.47454519624983954,-0.4736736092984604,-0.43700743807979686,0
842,-1.5661069258891576,1.3555735383351193,-0.47454519624983954,-0.4736736092984604,-0.024246350754841113,1
843,0.8273772438659699,-0.7376951317802901,-0.47454519624983954,-0.4736736092984604,-0.5188046047752911,0
844,0.8273772438659699,-0.7376951317802901,-0.47454519624983954,-0.4736736092984604,-0.47400492578514347,0
845,0.8273772438659699,-0.7376951317802901,-0.47454519624983954,-0.4736736092984604,-0.49640476528021726,0
846,0.8273772438659699,-0.7376951317802901,6.784163299176891,2.0089333664952354,0.7519458402879414,0
847,0.8273772438659699,-0.7376951317802901,-0.47454519624983954,-0.4736736092984604,-0.4894421904510968,0
848,-0.3693648410115938,-0.7376951317802901,-0.47454519624983954,0.7676298785983874,0.016023023618325298,0
849,-1.5661069258891576,1.3555735383351193,0.4327933656785018,-0.4736736092984604,1.145663540471827,1
850,0.8273772438659699,-0.7376951317802901,3.1548090514635256,2.0089333664952354,-0.01870931177853076,0
851,0.8273772438659699,-0.7376951317802901,-0.47454519624983954,-0.4736736092984604,-0.4918744606632361,0
852,0.8273772438659699,1.3555735383351193,0.4327933656785018,0.7676298785983874,-0.3414522396297103,0
853,-1.5661069258891576,1.3555735383351193,-0.47454519624983954,0.7676298785983874,0.14488502161245778,1
854,-0.3693648410115938,1.3555735383351193,0.4327933656785018,-0.4736736092984604,-0.12491978668775715,0
855,0.8273772438659699,1.3555735383351193,-0.47454519624983954,0.7676298785983874,-0.4601623283443675,1
856,-1.5661069258891576,1.3555735383351193,0.4327933656785018,0.7676298785983874,2.671117778445337,1
857,-1.5661069258891576,-0.7376951317802901,-0.47454519624983954,-0.4736736092984604,-0.11384570873513637,1
858,0.8273772438659699,1.3555735383351193,-0.47454519624983954,3.250236854392083,-0.26066180729354516,1
859,0.8273772438659699,-0.7376951317802901,-0.47454519624983954,-0.4736736092984604,-0.5028639729296732,0
860,0.8273772438659699,-0.7376951317802901,1.340131927606843,-0.4736736092984604,-0.36435544630444866,0
861,-0.3693648410115938,-0.7376951317802901,0.4327933656785018,-0.4736736092984604,-0.41687275089321363,0
862,-1.5661069258891576,1.3555735383351193,-0.47454519624983954,-0.4736736092984604,-0.1263453225405672,1
863,0.8273772438659699,1.3555735383351193,6.784163299176891,2.0089333664952354,0.7519458402879414,0
864,-0.3693648410115938,-0.7376951317802901,-0.47454519624983954,-0.4736736092984604,-0.3866707201133388,0
865,-0.3693648410115938,1.3555735383351193,-0.47454519624983954,-0.4736736092984604,-0.3866707201133388,1
866,-0.3693648410115938,1.3555735383351193,0.4327933656785018,-0.4736736092984604,-0.3693891181010945,1
867,-1.5661069258891576,-0.7376951317802901,-0.47454519624983954,-0.4736736092984604,0.3682954836973478,0
868,0.8273772438659699,-0.7376951317802901,-0.47454519624983954,-0.4736736092984604,-0.45714212526638004,0
869,0.8273772438659699,-0.7376951317802901,0.4327933656785018,0.7676298785983874,-0.4242561406845337,1
870,0.8273772438659699,-0.7376951317802901,-0.47454519624983954,-0.4736736092984604,-0.4894421904510968,0
871,-1.5661069258891576,1.3555735383351193,0.4327933656785018,0.7676298785983874,0.40974072380221066,1
872,-1.5661069258891576,-0.7376951317802901,-0.47454519624983954,-0.4736736092984604,-0.5477482176060045,0
873,0.8273772438659699,-0.7376951317802901,-0.47454519624983954,-0.4736736092984604,-0.46720946885967163,0
874,-0.3693648410115938,1.3555735383351193,0.4327933656785018,-0.4736736092984604,-0.16518916106092355,1
875,0.8273772438659699,1.3555735383351193,-0.47454519624983954,-0.4736736092984604,-0.5029485386158568,1
876,0.8273772438659699,-0.7376951317802901,-0.47454519624983954,-0.4736736092984604,-0.45017955043725955,0
877,0.8273772438659699,-0.7376951317802901,-0.47454519624983954,-0.4736736092984604,-0.4894421904510968,0
878,0.8273772438659699,-0.7376951317802901,-0.47454519624983954,-0.4736736092984604,-0.4894421904510968,0
879,-1.5661069258891576,1.3555735383351193,-0.47454519624983954,0.7676298785983874,1.0259447039291216,1
880,-0.3693648410115938,1.3555735383351193,-0.47454519624983954,0.7676298785983874,-0.12491978668775715,1
881,0.8273772438659699,-0.7376951317802901,-0.47454519624983954,-0.4736736092984604,-0.4894421904510968,0
882,0.8273772438659699,1.3555735383351193,-0.47454519624983954,-0.4736736092984604,-0.4366711888037809,0
883,-0.3693648410115938,-0.7376951317802901,-0.47454519624983954,-0.4736736092984604,-0.43700743807979686,0
884,0.8273772438659699,-0.7376951317802901,-0.47454519624983954,-0.4736736092984604,-0.5064721088735089,0
885,0.8273772438659699,1.3555735383351193,-0.47454519624983954,5.73284383018578,-0.06199888922968463,0
886,-0.3693648410115938,-0.7376951317802901,-0.47454519624983954,-0.4736736092984604,-0.3866707201133388,0
887,-1.5661069258891576,1.3555735383351193,-0.47454519624983954,-0.4736736092984604,-0.04438103794142432,1
888,0.8273772438659699,1.3555735383351193,0.4327933656785018,2.0089333664952354,-0.17626323901354432,0
889,-1.5661069258891576,-0.7376951317802901,-0.47454519624983954,-0.4736736092984604,-0.04438103794142432,1
890,0.8273772438659699,-0.7376951317802901,-0.47454519624983954,-0.4736736092984604,-0.49237782784290063,0
